[
  {
    "customer_id": 1,
    "store_id": 1,
    "first_name": "MARY",
    "last_name": "SMITH",
    "email": "MARY.SMITH@sakilacustomer.org",
    "address_id": 5,
    "active": 1,
    "create_date": "2006-02-14 22:04:36",
    "end_date": "2020-12-23 7:15:11"
  },
  {
    "customer_id": 2,
    "store_id": 1,
    "first_name": "PATRICIA",
    "last_name": "JOHNSON",
    "email": "PATRICIA.JOHNSON@sakilacustomer.org",
    "address_id": 6,
    "active": 1,
    "create_date": "2006-02-14 22:04:36",
    "end_date": "2020-12-23 7:15:11"
  },
  {
    "customer_id": 3,
    "store_id": 1,
    "first_name": "LINDA",
    "last_name": "WILLIAMS",
    "email": "LINDA.WILLIAMS@sakilacustomer.org",
    "address_id": 7,
    "active": 1,
    "create_date": "2006-02-14 22:04:36",
    "end_date": "2020-12-23 7:15:11"
  },
  {
    "customer_id": 4,
    "store_id": 2,
    "first_name": "BARBARA",
    "last_name": "JONES",
    "email": "BARBARA.JONES@sakilacustomer.org",
    "address_id": 8,
    "active": 1,
    "create_date": "2006-02-14 22:04:36",
    "end_date": "2020-12-23 7:15:11"
  },
  {
    "customer_id": 5,
    "store_id": 1,
    "first_name": "ELIZABETH",
    "last_name": "BROWN",
    "email": "ELIZABETH.BROWN@sakilacustomer.org",
    "address_id": 9,
    "active": 1,
    "create_date": "2006-02-14 22:04:36",
    "end_date": "2020-12-23 7:15:11"
  },
  {
    "customer_id": 6,
    "store_id": 2,
    "first_name": "JENNIFER",
    "last_name": "DAVIS",
    "email": "JENNIFER.DAVIS@sakilacustomer.org",
    "address_id": 10,
    "active": 1,
    "create_date": "2006-02-14 22:04:36",
    "end_date": "2020-12-23 7:15:11"
  },
  {
    "customer_id": 7,
    "store_id": 1,
    "first_name": "MARIA",
    "last_name": "MILLER",
    "email": "MARIA.MILLER@sakilacustomer.org",
    "address_id": 11,
    "active": 1,
    "create_date": "2006-02-14 22:04:36",
    "end_date": "2020-12-23 7:15:11"
  },
  {
    "customer_id": 8,
    "store_id": 2,
    "first_name": "SUSAN",
    "last_name": "WILSON",
    "email": "SUSAN.WILSON@sakilacustomer.org",
    "address_id": 12,
    "active": 1,
    "create_date": "2006-02-14 22:04:36",
    "end_date": "2020-12-23 7:15:11"
  },
  {
    "customer_id": 9,
    "store_id": 2,
    "first_name": "MARGARET",
    "last_name": "MOORE",
    "email": "MARGARET.MOORE@sakilacustomer.org",
    "address_id": 13,
    "active": 1,
    "create_date": "2006-02-14 22:04:36",
    "end_date": "2020-12-23 7:15:11"
  },
  {
    "customer_id": 10,
    "store_id": 1,
    "first_name": "DOROTHY",
    "last_name": "TAYLOR",
    "email": "DOROTHY.TAYLOR@sakilacustomer.org",
    "address_id": 14,
    "active": 1,
    "create_date": "2006-02-14 22:04:36",
    "end_date": "2020-12-23 7:15:11"
  },
  {
    "customer_id": 11,
    "store_id": 2,
    "first_name": "LISA",
    "last_name": "ANDERSON",
    "email": "LISA.ANDERSON@sakilacustomer.org",
    "address_id": 15,
    "active": 1,
    "create_date": "2006-02-14 22:04:36",
    "end_date": "2020-12-23 7:15:11"
  },
  {
    "customer_id": 12,
    "store_id": 1,
    "first_name": "NANCY",
    "last_name": "THOMAS",
    "email": "NANCY.THOMAS@sakilacustomer.org",
    "address_id": 16,
    "active": 1,
    "create_date": "2006-02-14 22:04:36",
    "end_date": "2020-12-23 7:15:11"
  },
  {
    "customer_id": 13,
    "store_id": 2,
    "first_name": "KAREN",
    "last_name": "JACKSON",
    "email": "KAREN.JACKSON@sakilacustomer.org",
    "address_id": 17,
    "active": 1,
    "create_date": "2006-02-14 22:04:36",
    "end_date": "2020-12-23 7:15:11"
  },
  {
    "customer_id": 14,
    "store_id": 2,
    "first_name": "BETTY",
    "last_name": "WHITE",
    "email": "BETTY.WHITE@sakilacustomer.org",
    "address_id": 18,
    "active": 1,
    "create_date": "2006-02-14 22:04:36",
    "end_date": "2020-12-23 7:15:11"
  },
  {
    "customer_id": 15,
    "store_id": 1,
    "first_name": "HELEN",
    "last_name": "HARRIS",
    "email": "HELEN.HARRIS@sakilacustomer.org",
    "address_id": 19,
    "active": 1,
    "create_date": "2006-02-14 22:04:36",
    "end_date": "2020-12-23 7:15:11"
  },
  {
    "customer_id": 16,
    "store_id": 2,
    "first_name": "SANDRA",
    "last_name": "MARTIN",
    "email": "SANDRA.MARTIN@sakilacustomer.org",
    "address_id": 20,
    "active": 0,
    "create_date": "2006-02-14 22:04:36",
    "end_date": "2020-12-23 7:15:11"
  },
  {
    "customer_id": 17,
    "store_id": 1,
    "first_name": "DONNA",
    "last_name": "THOMPSON",
    "email": "DONNA.THOMPSON@sakilacustomer.org",
    "address_id": 21,
    "active": 1,
    "create_date": "2006-02-14 22:04:36",
    "end_date": "2020-12-23 7:15:11"
  },
  {
    "customer_id": 18,
    "store_id": 2,
    "first_name": "CAROL",
    "last_name": "GARCIA",
    "email": "CAROL.GARCIA@sakilacustomer.org",
    "address_id": 22,
    "active": 1,
    "create_date": "2006-02-14 22:04:36",
    "end_date": "2020-12-23 7:15:11"
  },
  {
    "customer_id": 19,
    "store_id": 1,
    "first_name": "RUTH",
    "last_name": "MARTINEZ",
    "email": "RUTH.MARTINEZ@sakilacustomer.org",
    "address_id": 23,
    "active": 1,
    "create_date": "2006-02-14 22:04:36",
    "end_date": "2020-12-23 7:15:11"
  },
  {
    "customer_id": 20,
    "store_id": 2,
    "first_name": "SHARON",
    "last_name": "ROBINSON",
    "email": "SHARON.ROBINSON@sakilacustomer.org",
    "address_id": 24,
    "active": 1,
    "create_date": "2006-02-14 22:04:36",
    "end_date": "2020-12-23 7:15:11"
  },
  {
    "customer_id": 21,
    "store_id": 1,
    "first_name": "MICHELLE",
    "last_name": "CLARK",
    "email": "MICHELLE.CLARK@sakilacustomer.org",
    "address_id": 25,
    "active": 1,
    "create_date": "2006-02-14 22:04:36",
    "end_date": "2020-12-23 7:15:11"
  },
  {
    "customer_id": 22,
    "store_id": 1,
    "first_name": "LAURA",
    "last_name": "RODRIGUEZ",
    "email": "LAURA.RODRIGUEZ@sakilacustomer.org",
    "address_id": 26,
    "active": 1,
    "create_date": "2006-02-14 22:04:36",
    "end_date": "2020-12-23 7:15:11"
  },
  {
    "customer_id": 23,
    "store_id": 2,
    "first_name": "SARAH",
    "last_name": "LEWIS",
    "email": "SARAH.LEWIS@sakilacustomer.org",
    "address_id": 27,
    "active": 1,
    "create_date": "2006-02-14 22:04:36",
    "end_date": "2020-12-23 7:15:11"
  },
  {
    "customer_id": 24,
    "store_id": 2,
    "first_name": "KIMBERLY",
    "last_name": "LEE",
    "email": "KIMBERLY.LEE@sakilacustomer.org",
    "address_id": 28,
    "active": 1,
    "create_date": "2006-02-14 22:04:36",
    "end_date": "2020-12-23 7:15:11"
  },
  {
    "customer_id": 25,
    "store_id": 1,
    "first_name": "DEBORAH",
    "last_name": "WALKER",
    "email": "DEBORAH.WALKER@sakilacustomer.org",
    "address_id": 29,
    "active": 1,
    "create_date": "2006-02-14 22:04:36",
    "end_date": "2020-12-23 7:15:11"
  },
  {
    "customer_id": 26,
    "store_id": 2,
    "first_name": "JESSICA",
    "last_name": "HALL",
    "email": "JESSICA.HALL@sakilacustomer.org",
    "address_id": 30,
    "active": 1,
    "create_date": "2006-02-14 22:04:36",
    "end_date": "2020-12-23 7:15:11"
  },
  {
    "customer_id": 27,
    "store_id": 2,
    "first_name": "SHIRLEY",
    "last_name": "ALLEN",
    "email": "SHIRLEY.ALLEN@sakilacustomer.org",
    "address_id": 31,
    "active": 1,
    "create_date": "2006-02-14 22:04:36",
    "end_date": "2020-12-23 7:15:11"
  },
  {
    "customer_id": 28,
    "store_id": 1,
    "first_name": "CYNTHIA",
    "last_name": "YOUNG",
    "email": "CYNTHIA.YOUNG@sakilacustomer.org",
    "address_id": 32,
    "active": 1,
    "create_date": "2006-02-14 22:04:36",
    "end_date": "2020-12-23 7:15:11"
  },
  {
    "customer_id": 29,
    "store_id": 2,
    "first_name": "ANGELA",
    "last_name": "HERNANDEZ",
    "email": "ANGELA.HERNANDEZ@sakilacustomer.org",
    "address_id": 33,
    "active": 1,
    "create_date": "2006-02-14 22:04:36",
    "end_date": "2020-12-23 7:15:11"
  },
  {
    "customer_id": 30,
    "store_id": 1,
    "first_name": "MELISSA",
    "last_name": "KING",
    "email": "MELISSA.KING@sakilacustomer.org",
    "address_id": 34,
    "active": 1,
    "create_date": "2006-02-14 22:04:36",
    "end_date": "2020-12-23 7:15:11"
  },
  {
    "customer_id": 31,
    "store_id": 2,
    "first_name": "BRENDA",
    "last_name": "WRIGHT",
    "email": "BRENDA.WRIGHT@sakilacustomer.org",
    "address_id": 35,
    "active": 1,
    "create_date": "2006-02-14 22:04:36",
    "end_date": "2020-12-23 7:15:11"
  },
  {
    "customer_id": 32,
    "store_id": 1,
    "first_name": "AMY",
    "last_name": "LOPEZ",
    "email": "AMY.LOPEZ@sakilacustomer.org",
    "address_id": 36,
    "active": 1,
    "create_date": "2006-02-14 22:04:36",
    "end_date": "2020-12-23 7:15:11"
  },
  {
    "customer_id": 33,
    "store_id": 2,
    "first_name": "ANNA",
    "last_name": "HILL",
    "email": "ANNA.HILL@sakilacustomer.org",
    "address_id": 37,
    "active": 1,
    "create_date": "2006-02-14 22:04:36",
    "end_date": "2020-12-23 7:15:11"
  },
  {
    "customer_id": 34,
    "store_id": 2,
    "first_name": "REBECCA",
    "last_name": "SCOTT",
    "email": "REBECCA.SCOTT@sakilacustomer.org",
    "address_id": 38,
    "active": 1,
    "create_date": "2006-02-14 22:04:36",
    "end_date": "2020-12-23 7:15:11"
  }
]