[
      {
        "Season": "NA",
        "Sector": "AGRICULTURE",
        "Category": "Others",
        "Crop": "Others",
        "QueryType": "Government Schemes",
        "QueryText": "ASKED ABOUT TO HELP LINE NO",
        "KccAns": "0612-2233555",
        "StateName": "BIHAR",
        "DistrictName": "SHEOHAR",
        "BlockName": "SHEOHAR",
        "CreatedOn": "2023-03-01T08:24:27.593"
      },
      {
        "Season": "NA",
        "Sector": "AGRICULTURE",
        "Category": "Others",
        "Crop": "Others",
        "QueryType": "Government Schemes",
        "QueryText": "Query about PM kisan samman nidhi yojna ",
        "KccAns": "किसान भाई पीएम किसान सम्मान निधि योजना की किस्त 27 फरवरी 2023 से भेजना शुरुआत की गई है आप प्रतीक्षा कीजिए आपकी राशि चली जाएगी ",
        "StateName": "BIHAR",
        "DistrictName": "SHEOHAR",
        "BlockName": "DUMARI KATSARI",
        "CreatedOn": "2023-03-01T09:37:07.22"
      },
      {
        "Season": "NA",
        "Sector": "AGRICULTURE",
        "Category": "Others",
        "Crop": "Others",
        "QueryType": "Government Schemes",
        "QueryText": "Government Scheme Related Query",
        "KccAns": "किसान सम्मान निधि योजना से सम्बंधित समस्या की समाधान के लिए आप दिए गए नंबर पर संपर्क करे 01123381092, 1800115526",
        "StateName": "BIHAR",
        "DistrictName": "SHEOHAR",
        "BlockName": "SHEOHAR",
        "CreatedOn": "2023-03-01T10:16:46.95"
      },
      {
        "Season": "NA",
        "Sector": "AGRICULTURE",
        "Category": "Others",
        "Crop": "Others",
        "QueryType": "Government Schemes",
        "QueryText": "Pradhan Mantri Kisan Samman Nidhi Yojana Related Query ",
        "KccAns": "प्रधानमंत्री किसान सम्मान निधि योजना का हेल्प लाईन नंबर : - 011-24300606, 011-23381092, 1800115526 / 155261 पर संपर्क करे |10 बजे से 6 बजे तक (सोमवार से शुक्रवार तक ) ",
        "StateName": "BIHAR",
        "DistrictName": "SHEOHAR",
        "BlockName": "SHEOHAR",
        "CreatedOn": "2023-03-01T10:19:13.01"
      },
      {
        "Season": "NA",
        "Sector": "AGRICULTURE",
        "Category": "Others",
        "Crop": "Others",
        "QueryType": "Government Schemes",
        "QueryText": "Pradhan Mantri Kisan Samman Nidhi Yojana Related Query ",
        "KccAns": "प्रधानमंत्री किसान सम्मान निधि योजना का हेल्प लाईन नंबर : - 011-24300606, 011-23381092, 1800115526 / 155261 पर संपर्क करे |10 बजे से 6 बजे तक (सोमवार से शुक्रवार तक ) ",
        "StateName": "BIHAR",
        "DistrictName": "SHEOHAR",
        "BlockName": "SHEOHAR",
        "CreatedOn": "2023-03-01T10:25:13.21"
      },
      {
        "Season": "NA",
        "Sector": "AGRICULTURE",
        "Category": "Others",
        "Crop": "Others",
        "QueryType": "Government Schemes",
        "QueryText": "query about  government schemes ",
        "KccAns": "किसान भाई प्रधानमंत्री किसान सम्मान निधि योजना का अगली किस्त 27-02-2023 को जारी कर दिया गया है अगर आपके खाता में पैसा नहीं गया है तो आप 7 से 10 दिन इंतजार कर सकते हैं ",
        "StateName": "BIHAR",
        "DistrictName": "SHEOHAR",
        "BlockName": "DUMARI KATSARI",
        "CreatedOn": "2023-03-01T10:28:45.243"
      },
      {
        "Season": "NA",
        "Sector": "HORTICULTURE",
        "Category": "Vegetables",
        "Crop": "Pointed Gourd",
        "QueryType": "\tPlant Protection\t",
        "QueryText": "query about plant protection ",
        "KccAns": "Emamectin Benzoate 5% 4 ग्राम  प्रति 10 लीटर पानी की दर से स्प्रे करे ",
        "StateName": "BIHAR",
        "DistrictName": "SHEOHAR",
        "BlockName": "SHEOHAR",
        "CreatedOn": "2023-03-01T11:04:36.95"
      },
      {
        "Season": "NA",
        "Sector": "AGRICULTURE",
        "Category": "Others",
        "Crop": "Others",
        "QueryType": "Government Schemes",
        "QueryText": "Government Scheme Related Query \n",
        "KccAns": "--किसान भाई प्रधानमंत्री किसान सम्मान निधि योजना का अगली किस्त 27 फरवरी को 3:00 बजे के बाद से भेजी जा रही है राशि आने में 7  से 10 लग सकती है राशि आने तक  इंतज़ार करे ",
        "StateName": "BIHAR",
        "DistrictName": "SHEOHAR",
        "BlockName": "SHEOHAR",
        "CreatedOn": "2023-03-01T11:26:53.9"
      },
      {
        "Season": "NA",
        "Sector": "AGRICULTURE",
        "Category": "Cereals",
        "Crop": "Wheat",
        "QueryType": "Nutrient Management",
        "QueryText": "NUTRIENT MANAGEMENT RELATED QUERY ",
        "KccAns": "प्रिय कृषक बंधू एन.पी.के  0:0:50 का 5 ग्राम प्रति लीटर पानी में घोल बनाकर छिड़काव करें | ",
        "StateName": "BIHAR",
        "DistrictName": "SHEOHAR",
        "BlockName": "PIPRAHI",
        "CreatedOn": "2023-03-01T11:58:43.86"
      },
      {
        "Season": "NA",
        "Sector": "AGRICULTURE",
        "Category": "Others",
        "Crop": "Others",
        "QueryType": "Government Schemes",
        "QueryText": "Pradhan Mantri Kisan Samman Nidhi Yojna related query ",
        "KccAns": "प्रधानमंत्री किसान सम्मान निधि योजना का हेल्प लाईन नंबर : - 011-24300606 पर संपर्क करे | 10 बजे से 6 बजे तक (सोमवार से शुक्रवार तक )   ",
        "StateName": "BIHAR",
        "DistrictName": "SHEOHAR",
        "BlockName": "SHEOHAR",
        "CreatedOn": "2023-03-01T12:25:34.053"
      },
      {
        "Season": "NA",
        "Sector": "AGRICULTURE",
        "Category": "Others",
        "Crop": "Others",
        "QueryType": "Government Schemes",
        "QueryText": "Fasal Bima Yojna related query ",
        "KccAns": "----फसल बीमा / बिहार राज्य फसल सहायता योजना सम्बंधित जानकारी 0612-2200693 से प्राप्त कर सकते हैं | या , किसान भाई आप अपने ब्लॉक में, प्रखंड सहकारिता पदाधिकारी (B.C.O) से संपर्क करें। ",
        "StateName": "BIHAR",
        "DistrictName": "SHEOHAR",
        "BlockName": "TARIYANI",
        "CreatedOn": "2023-03-01T13:19:38.403"
      },
      {
        "Season": "NA",
        "Sector": "AGRICULTURE",
        "Category": "Others",
        "Crop": "Others",
        "QueryType": "Government Schemes",
        "QueryText": "Seed Subsidy related query ",
        "KccAns": "किसान भाई, आप अपने ब्लॉक के किसान भवन में पंचायत कृषि समन्वयक से संपर्क करें।   \nबीज अनुदान हेतु हेल्प लाईन नंबर 0612-2547066",
        "StateName": "BIHAR",
        "DistrictName": "SHEOHAR",
        "BlockName": "TARIYANI",
        "CreatedOn": "2023-03-01T13:31:47.07"
      },
      {
        "Season": "NA",
        "Sector": "AGRICULTURE",
        "Category": "Others",
        "Crop": "Others",
        "QueryType": "Government Schemes",
        "QueryText": "Pradhan Mantri Kisan Samman Nidhi Yojana Related Query ",
        "KccAns": "प्रधानमंत्री किसान सम्मान निधि योजना का हेल्प लाईन नंबर : - 011-24300606, 011-23381092, 1800115526 / 155261 पर संपर्क करे |10 बजे से 6 बजे तक (सोमवार से शुक्रवार तक ) ",
        "StateName": "BIHAR",
        "DistrictName": "SHEOHAR",
        "BlockName": "PIPRAHI",
        "CreatedOn": "2023-03-01T13:43:30.62"
      },
      {
        "Season": "NA",
        "Sector": "AGRICULTURE",
        "Category": "Others",
        "Crop": "Others",
        "QueryType": "Government Schemes",
        "QueryText": "Pradhan Mantri Kisan Samman Nidhi Yojana Related Query ",
        "KccAns": "प्रिय कृषक बंधू ,आप प्रधानमंत्री किसान सम्मान निधि योजना में राशि आने तक प्रतीक्षा करें| ",
        "StateName": "BIHAR",
        "DistrictName": "SHEOHAR",
        "BlockName": "PIPRAHI",
        "CreatedOn": "2023-03-01T13:44:35.063"
      },
      {
        "Season": "NA",
        "Sector": "AGRICULTURE",
        "Category": "Cereals",
        "Crop": "Wheat",
        "QueryType": "\tPlant Protection\t",
        "QueryText": "Query related to disease management in wheat ",
        "KccAns": "किसान भाई कार्बेंडाजिम 12 % एवं मैंकोजेब 63% wp   संयुक्त उत्पाद का 2 ग्राम प्रति लिटर पानी में मिलाकर छिड़काव करें | ",
        "StateName": "BIHAR",
        "DistrictName": "SHEOHAR",
        "BlockName": "SHEOHAR",
        "CreatedOn": "2023-03-01T16:40:42.933"
      },
      {
        "Season": "NA",
        "Sector": "HORTICULTURE",
        "Category": "Vegetables",
        "Crop": "Pointed Gourd",
        "QueryType": "Nutrient Management",
        "QueryText": "Query related to Nutrient management  in pointed gourd ",
        "KccAns": "किसान भाई परवल के फसल पर अमीनो एसिड का 1.5  ml दवा प्रति लीटर पानी में मिलाकर छिड़काव करें",
        "StateName": "BIHAR",
        "DistrictName": "SHEOHAR",
        "BlockName": "SHEOHAR",
        "CreatedOn": "2023-03-01T16:42:04.537"
      },
      {
        "Season": "NA",
        "Sector": "AGRICULTURE",
        "Category": "Others",
        "Crop": "Others",
        "QueryType": "Government Schemes",
        "QueryText": "Query about PM kisan samman nidhi yojna ",
        "KccAns": "किसान भाई पीएम किसान सम्मान निधि योजना की किस्त 27 फरवरी 2023 से भेजना शुरुआत की गई है आप प्रतीक्षा कीजिए आपकी राशि चली जाएगी ",
        "StateName": "BIHAR",
        "DistrictName": "SHEOHAR",
        "BlockName": "SHEOHAR",
        "CreatedOn": "2023-03-01T17:16:40.477"
      },
      {
        "Season": "NA",
        "Sector": "AGRICULTURE",
        "Category": "Pulses",
        "Crop": "Lentil (Masur)",
        "QueryType": "Cultural Practices",
        "QueryText": "QUERY ABOUT CULTURAL PRACTICES",
        "KccAns": "किसान भाई आप  मसूर के खेत में कोई भी दवा का प्रयोग नहीं करेंगे",
        "StateName": "BIHAR",
        "DistrictName": "SHEOHAR",
        "BlockName": "SHEOHAR",
        "CreatedOn": "2023-03-01T17:16:44.127"
      },
      {
        "Season": "NA",
        "Sector": "AGRICULTURE",
        "Category": "Cereals",
        "Crop": "Wheat",
        "QueryType": "Nutrient Management",
        "QueryText": "NUTRIENT MANAGEMENT RELATED QUERY ",
        "KccAns": "प्रिय कृषक बंधू आप बोरेक्स 2 ग्राम 1 लीटर पानी में मिलाकर छिड़काव करे| \nप्रिय कृषक बंधू आप फसल की बढ़ोतरी के लिए मल्टिमाइक्रो नुट्रिएंट 3 ml/lit पानी को घोल बनाकर छिड़काव करे| ",
        "StateName": "BIHAR",
        "DistrictName": "SHEOHAR",
        "BlockName": "DUMARI KATSARI",
        "CreatedOn": "2023-03-01T17:21:21.54"
      },
      {
        "Season": "NA",
        "Sector": "AGRICULTURE",
        "Category": "Cereals",
        "Crop": "Wheat",
        "QueryType": "\tPlant Protection\t",
        "QueryText": "Query related to disease management in wheat ",
        "KccAns": "किसान भाई गेहूं के फसल पर बोरान 20% घुलनशील का 2 ग्राम प्रति लीटर पानी में मिलाकर छिड़काव करें",
        "StateName": "BIHAR",
        "DistrictName": "SHEOHAR",
        "BlockName": "DUMARI KATSARI",
        "CreatedOn": "2023-03-01T17:29:07.427"
      },
      {
        "Season": "NA",
        "Sector": "HORTICULTURE",
        "Category": "Vegetables",
        "Crop": "Bhindi(Okra/Ladysfinger)",
        "QueryType": "Cultural Practices",
        "QueryText": "Query about  Varities",
        "KccAns": "किसान भाई भिंडी की उन्नत किस्मे ;- परभनी क्रांति , अर्का अभय ,अर्का अनामिका , वर्षा उपहार ,के० एस० 312 , ओकरा -4 , पंजाब -7  ,, पंत भिंडी -१, कशी प्रगति  ,    काशी विभूति, काशी लीला ,रश्मि ,पंजाब पदमिनी, सिलेक्शन 101  और संकर किस्में भवानी, कृष्णा ,इंद्रनिल, काशी भैरव, काशी महिमा इत्यादि और बुवाई का समय;-  गर्मी ;-  फरवरी-मार्च, बरसाती - जून - जुलाई ।",
        "StateName": "BIHAR",
        "DistrictName": "SHEOHAR",
        "BlockName": "SHEOHAR",
        "CreatedOn": "2023-03-01T17:29:32.713"
      },
      {
        "Season": "NA",
        "Sector": "HORTICULTURE",
        "Category": "Vegetables",
        "Crop": "Pointed Gourd",
        "QueryType": "Fertilizer Use and Availability",
        "QueryText": "DOSE OF NPK  \n",
        "KccAns": "\nएनपीके 19 :19 :19 का 5 ग्राम प्रति लीटर पानी में मिलाकर धान की फसल पर स्प्रे करें ",
        "StateName": "BIHAR",
        "DistrictName": "SHEOHAR",
        "BlockName": "SHEOHAR",
        "CreatedOn": "2023-03-01T17:29:47.673"
      },
      {
        "Season": "NA",
        "Sector": "HORTICULTURE",
        "Category": "Vegetables",
        "Crop": "Bhindi(Okra/Ladysfinger)",
        "QueryType": "Nutrient Management",
        "QueryText": "Query about nutrient management ",
        "KccAns": "किसान भाई आपके सरसों में खाद की मात्रा;- (अंतिम  जुताई के समय ) यूरिया -46 kg , DAP - 86 kg , MOP - 67 kg  प्रति हेक्टेयर। और फूल आने के समय - यूरिया - 92 kg प्रति हेक्टेयर।और सल्फर 30 - 40 किलोग्राम  प्रति हेक्टेयर प्रयोग करे। ",
        "StateName": "BIHAR",
        "DistrictName": "SHEOHAR",
        "BlockName": "SHEOHAR",
        "CreatedOn": "2023-03-01T17:30:59.09"
      },
      {
        "Season": "NA",
        "Sector": "AGRICULTURE",
        "Category": "Others",
        "Crop": "Others",
        "QueryType": "Government Schemes",
        "QueryText": "Pradhan Mantri Kisan Samman Nidhi Yojna",
        "KccAns": "श्रीमान जी प्रधानमंत्री किसान सम्मान निधि की 13 किस्त राशि जारी कर दी गई है",
        "StateName": "BIHAR",
        "DistrictName": "SHEOHAR",
        "BlockName": "TARIYANI",
        "CreatedOn": "2023-03-01T17:49:26.957"
      },
      {
        "Season": "NA",
        "Sector": "AGRICULTURE",
        "Category": "Others",
        "Crop": "Others",
        "QueryType": "Government Schemes",
        "QueryText": "Pradhan Mantri Kisan Samman Nidhi Yojna",
        "KccAns": "श्रीमान जी प्रधानमंत्री किसान सम्मान निधि योजना की किस्त आने तक आप इंतजार करें i ",
        "StateName": "BIHAR",
        "DistrictName": "SHEOHAR",
        "BlockName": "SHEOHAR",
        "CreatedOn": "2023-03-01T21:17:19.5"
      },
      {
        "Season": "NA",
        "Sector": "AGRICULTURE",
        "Category": "Cereals",
        "Crop": "Wheat",
        "QueryType": "\tWater Management\t",
        "QueryText": "Query about Water Management",
        "KccAns": "किसान भाई आपके गेहूं में सिंचाई जो है आमतौर पर तीन से चार सिंचाई की आवश्यकता पड़ती है और सिंचाई की संख्या मिट्टी के प्रकार ,फसल की स्थिति एवं जलवायु पर निर्भर करती है पहली सिंचाई बुआई  के 20 से 25 दिनों के बाद, दूसरी सिंचाई बुआई के 40 से 50 दिनों के बाद और तीसरी सिंचाई 60 से 65 दिनों के बाद एवं चौथी सिंचाई 80 से 85 दिनों के बाद करनी चाहिए ।",
        "StateName": "BIHAR",
        "DistrictName": "SHEOHAR",
        "BlockName": "TARIYANI",
        "CreatedOn": "2023-03-02T08:19:05.91"
      },
      {
        "Season": "NA",
        "Sector": "HORTICULTURE",
        "Category": "Fruits",
        "Crop": "Mango",
        "QueryType": "\tPlant Protection\t",
        "QueryText": "Query about Plant protection",
        "KccAns": "किसान भाई आप अपने आम के पौधे में मंजर की अवस्था पर की कोई दवा का प्रयोग नहीं करेंगे और ना ही सिंचाई करेंगे और जब फल मटर के अकाने के आकार का हो जाएगी तो फिर आप सिंचाई और फिर कोई दवा का प्रयोग करेंगे ",
        "StateName": "BIHAR",
        "DistrictName": "SHEOHAR",
        "BlockName": "TARIYANI",
        "CreatedOn": "2023-03-02T08:27:34.633"
      },
      {
        "Season": "NA",
        "Sector": "AGRICULTURE",
        "Category": "Others",
        "Crop": "Others",
        "QueryType": "Government Schemes",
        "QueryText": "Government Scheme Related Query ",
        "KccAns": "किसान भाई प्रधानमंत्री किसान सम्मान निधि योजना का किस्त अगर नहीं आया है और आप आधार एनपीसीआई से खाता लिंक कर आए हुए हैं तो आप 31 मार्च तक इंतजार करें अगर 31 मार्च तक नहीं आएगा तो अगला किस्त जब भेजी जाएगी उस समय आएगा   ",
        "StateName": "BIHAR",
        "DistrictName": "SHEOHAR",
        "BlockName": "PIPRAHI",
        "CreatedOn": "2023-03-02T09:17:47.487"
      },
      {
        "Season": "NA",
        "Sector": "AGRICULTURE",
        "Category": "Others",
        "Crop": "Others",
        "QueryType": "Government Schemes",
        "QueryText": "Query Related to Pradhan Mantri Kisan Samman Nidhi Yojna  ",
        "KccAns": "किसान भाई, तकनिकी समस्या के कारण वेबसाइट न खुलने के वजह से जानकारी ना देने के लिए झमा चाहेंगे, कृप्या कुछ समय के बाद आप किसान कॉल सेंटर में संपर्क कर ले। ",
        "StateName": "BIHAR",
        "DistrictName": "SHEOHAR",
        "BlockName": "TARIYANI",
        "CreatedOn": "2023-03-02T10:35:45.41"
      },
      {
        "Season": "NA",
        "Sector": "AGRICULTURE",
        "Category": "Others",
        "Crop": "Others",
        "QueryType": "Government Schemes",
        "QueryText": "Query related to government scheme  ",
        "KccAns": "किसान भाई आप अपने प्रखंड के कृषि कार्यालय पर प्रखंड कृषि अधिकारी से संपर्क करे।  ",
        "StateName": "BIHAR",
        "DistrictName": "SHEOHAR",
        "BlockName": "DUMARI KATSARI",
        "CreatedOn": "2023-03-02T11:55:43.937"
      },
      {
        "Season": "NA",
        "Sector": "HORTICULTURE",
        "Category": "Vegetables",
        "Crop": "Beans ",
        "QueryType": "\tPlant Protection\t",
        "QueryText": "QUERY RELATED TO PLANT PROTECTION ",
        "KccAns": "प्रिय कृषक बंधू कार्बेंडाजिम 50% WP 2 ग्राम प्रति लीटर पानी में घोल बनाकर छिड़काव करें | ",
        "StateName": "BIHAR",
        "DistrictName": "SHEOHAR",
        "BlockName": "SHEOHAR",
        "CreatedOn": "2023-03-02T11:55:49.163"
      },
      {
        "Season": "NA",
        "Sector": "HORTICULTURE",
        "Category": "Vegetables",
        "Crop": "Bhindi(Okra/Ladysfinger)",
        "QueryType": "\tPlant Protection\t",
        "QueryText": "QUERY RELATED TO PLANT PROTECTION ",
        "KccAns": "किसान भाई आप भिंडी में Azoxystrobin 23% SC  @1 ML प्रति लीटर पानी में मिला के आप छिरकाव करें। ",
        "StateName": "BIHAR",
        "DistrictName": "SHEOHAR",
        "BlockName": "SHEOHAR",
        "CreatedOn": "2023-03-02T11:58:51.913"
      },
      {
        "Season": "NA",
        "Sector": "AGRICULTURE",
        "Category": "Others",
        "Crop": "Others",
        "QueryType": "Government Schemes",
        "QueryText": "Government Scheme Related Query",
        "KccAns": "आपके खाते में पैसे ट्रांसफर कर दिए जाएंगे कृपया प्रतीक्षा करें धन्यवाद",
        "StateName": "BIHAR",
        "DistrictName": "SHEOHAR",
        "BlockName": "SHEOHAR",
        "CreatedOn": "2023-03-02T12:08:35.05"
      },
      {
        "Season": "NA",
        "Sector": "AGRICULTURE",
        "Category": "Others",
        "Crop": "Others",
        "QueryType": "Government Schemes",
        "QueryText": "Pradhan Mantri Kisan Samman Nidhi Yojna  ",
        "KccAns": "श्रीमान जी आप  अपने खाते को आधार और एनपीसीआई से लिंक करवाएं   ",
        "StateName": "BIHAR",
        "DistrictName": "SHEOHAR",
        "BlockName": "SHEOHAR",
        "CreatedOn": "2023-03-02T14:16:45.48"
      },
      {
        "Season": "NA",
        "Sector": "AGRICULTURE",
        "Category": "Others",
        "Crop": "Others",
        "QueryType": "Government Schemes",
        "QueryText": "Information About Installment status Under Pradhanmantri kisan samman nidhi scheme…?",
        "KccAns": "श्रीमान जी PM किसान सम्मान निधि योजना के लिए www.pmkisan.gov.in  पर जानकारी ले सकते है,जमीन की रसीद देकर अपडेट कराएं,कृषि विभाग और ब्लॉक से सम्पर्क करे-1800-115526\n",
        "StateName": "BIHAR",
        "DistrictName": "SHEOHAR",
        "BlockName": "SHEOHAR",
        "CreatedOn": "2023-03-02T14:38:11.417"
      },
      {
        "Season": "NA",
        "Sector": "HORTICULTURE",
        "Category": "Vegetables",
        "Crop": "Potato",
        "QueryType": "Nutrient Management",
        "QueryText": "NUTRIENT MANAGEMENT RELATED QUERY ",
        "KccAns": "किसान भाई आप  N:P;K 19:19:19  - 5 ग्राम / 1  लीटर पानी में मिलाकर स्प्रे करे[ ",
        "StateName": "BIHAR",
        "DistrictName": "SHEOHAR",
        "BlockName": "TARIYANI",
        "CreatedOn": "2023-03-02T14:39:42.143"
      },
      {
        "Season": "NA",
        "Sector": "AGRICULTURE",
        "Category": "Others",
        "Crop": "Others",
        "QueryType": "Government Schemes",
        "QueryText": "Information About Installment status Under Pradhanmantri kisan samman nidhi scheme…?",
        "KccAns": "श्रीमान जी PM किसान सम्मान निधि योजना के लिए www.pmkisan.gov.in  पर जानकारी ले सकते है,कृषि विभाग और ब्लॉक से सम्पर्क करे-1800-115526\n",
        "StateName": "BIHAR",
        "DistrictName": "SHEOHAR",
        "BlockName": "TARIYANI",
        "CreatedOn": "2023-03-02T16:29:31.103"
      },
      {
        "Season": "NA",
        "Sector": "AGRICULTURE",
        "Category": "Others",
        "Crop": "Others",
        "QueryType": "Government Schemes",
        "QueryText": " PM KISAN SAMMAN NIDHI YOJNA  RELATED QUERY",
        "KccAns": "-- \n\nप्रिय किसान भाई आप बैंक जाकर अपने खाता को NPCI से लिंक करवा ले \n\nआप इंडियन पोस्ट पेमेंट बैंक में अपना अकाउंट खुलवा ले अगर एनपीसीआई से लिंक नहीं हो पा रहा है त ",
        "StateName": "BIHAR",
        "DistrictName": "SHEOHAR",
        "BlockName": "SHEOHAR",
        "CreatedOn": "2023-03-03T06:49:27.49"
      },
      {
        "Season": "NA",
        "Sector": "AGRICULTURE",
        "Category": "Others",
        "Crop": "Others",
        "QueryType": "Government Schemes",
        "QueryText": "QUERY ABOUT PM KISAN SAMMAN NIDHI YOJANA  ",
        "KccAns": "किसान भाई प्रधानमंत्री किसान सम्मान निधि योजना की राशि आने तक प्रतीक्षा करें | ",
        "StateName": "BIHAR",
        "DistrictName": "SHEOHAR",
        "BlockName": "DUMARI KATSARI",
        "CreatedOn": "2023-03-03T13:25:39.17"
      },
      {
        "Season": "NA",
        "Sector": "AGRICULTURE",
        "Category": "Others",
        "Crop": "Others",
        "QueryType": "Government Schemes",
        "QueryText": "QUERY ABOUT PM KISAN SAMMAN NIDHI YOJANA  ",
        "KccAns": "किसान भाई प्रधानमंत्री किसान सम्मान निधि योजना के आवेदन में लाभ लेने के लिए  अपने बैंक खाते को एनपीसीआई से लिंक करवाएं। ",
        "StateName": "BIHAR",
        "DistrictName": "SHEOHAR",
        "BlockName": "SHEOHAR",
        "CreatedOn": "2023-03-03T13:28:41.657"
      },
      {
        "Season": "NA",
        "Sector": "AGRICULTURE",
        "Category": "Others",
        "Crop": "Others",
        "QueryType": "Government Schemes",
        "QueryText": "QUERY ABOUT PM KISAN SAMMAN NIDHI YOJANA  ",
        "KccAns": "किसान भाई प्रधानमंत्री किसान सम्मान निधि योजना के आवेदन में लाभ लेने के लिए  अपने बैंक खाते को एनपीसीआई से लिंक करवाएं। ",
        "StateName": "BIHAR",
        "DistrictName": "SHEOHAR",
        "BlockName": "SHEOHAR",
        "CreatedOn": "2023-03-03T13:31:15.94"
      },
      {
        "Season": "NA",
        "Sector": "AGRICULTURE",
        "Category": "Others",
        "Crop": "Others",
        "QueryType": "Government Schemes",
        "QueryText": "Government Scheme Related Query",
        "KccAns": "किसान सम्मान निधि योजना से सम्बंधित समस्या की समाधान के लिए आप दिए गए नंबर पर संपर्क करे 155261, 011-24300606",
        "StateName": "BIHAR",
        "DistrictName": "SHEOHAR",
        "BlockName": "SHEOHAR",
        "CreatedOn": "2023-03-03T13:55:19.37"
      },
      {
        "Season": "NA",
        "Sector": "AGRICULTURE",
        "Category": "Others",
        "Crop": "Others",
        "QueryType": "Government Schemes",
        "QueryText": "Pradhan Mantri Kisan Samman Nidhi Yojana Related Query ",
        "KccAns": "प्रिय कृषक बंधू बैंक में शाखा प्रबंधक से संपर्क कर खाते को एन.पी.सी.आई. से लिंक करवाएं| ",
        "StateName": "BIHAR",
        "DistrictName": "SHEOHAR",
        "BlockName": "SHEOHAR",
        "CreatedOn": "2023-03-03T14:05:03.363"
      },
      {
        "Season": "NA",
        "Sector": "AGRICULTURE",
        "Category": "Others",
        "Crop": "Others",
        "QueryType": "Government Schemes",
        "QueryText": "Pradhan Mantri Kisan Samman Nidhi Yojana Related Query ",
        "KccAns": "प्रिय कृषक बंधू आप इंडियन पोस्ट पेमेंट बैंक में खाता खुलवाए| ",
        "StateName": "BIHAR",
        "DistrictName": "SHEOHAR",
        "BlockName": "SHEOHAR",
        "CreatedOn": "2023-03-03T14:05:45.14"
      },
      {
        "Season": "NA",
        "Sector": "AGRICULTURE",
        "Category": "Others",
        "Crop": "Others",
        "QueryType": "Government Schemes",
        "QueryText": "Query about PM kisan samman nidhi yojna ",
        "KccAns": "किसान भाई आप अपने खाते और आधार को एनपीसीआई से लिंक करवा लिए हैं तो प्रतीक्षा कीजिए आपको राशि मिल जाएगी ",
        "StateName": "BIHAR",
        "DistrictName": "SHEOHAR",
        "BlockName": "PURNAHIYA",
        "CreatedOn": "2023-03-03T14:14:19.06"
      },
      {
        "Season": "NA",
        "Sector": "AGRICULTURE",
        "Category": "Others",
        "Crop": "Others",
        "QueryType": "Government Schemes",
        "QueryText": "Query Related to Pradhan Mantri Kisan Samman Nidhi Yojna  ",
        "KccAns": "किसान भाई, प्रधान मंत्री किसान सम्मान निधि योजना का लाभ लेने के लिए आप अपने  खाता को NPCI से लिंक कराने के लिए बैंक शाखा से संपर्क करें | ",
        "StateName": "BIHAR",
        "DistrictName": "SHEOHAR",
        "BlockName": "SHEOHAR",
        "CreatedOn": "2023-03-03T14:20:23.097"
      },
      {
        "Season": "NA",
        "Sector": "AGRICULTURE",
        "Category": "Others",
        "Crop": "Others",
        "QueryType": "Government Schemes",
        "QueryText": " PRADHAN  MANTRI  KISAN SAMMAN NIDHI YOJNA RELATED  QUERY",
        "KccAns": "किसान भाई प्रधान मंत्री किसान सम्मान निधि योजना का लाभ लेने के लिए अपना बैंक खाता को आधार से  लिंक करवाएं और आप अपने  खाता को NPCI से लिंक कराने के लिए बैंक शाखा से संपर्क करें |",
        "StateName": "BIHAR",
        "DistrictName": "SHEOHAR",
        "BlockName": "SHEOHAR",
        "CreatedOn": "2023-03-03T15:00:15.463"
      },
      {
        "Season": "NA",
        "Sector": "HORTICULTURE",
        "Category": "Vegetables",
        "Crop": "Beet Root (Garden Beet/Stock Beet)",
        "QueryType": "\tPlant Protection\t",
        "QueryText": "plant protection related query",
        "KccAns": "कॉपर ऑक्सीकॉलोराइड 2 ग्राम प्रति लिटर पानी मिलाकर छिड़काव करें| ",
        "StateName": "BIHAR",
        "DistrictName": "SHEOHAR",
        "BlockName": "SHEOHAR",
        "CreatedOn": "2023-03-03T16:37:26.46"
      },
      {
        "Season": "NA",
        "Sector": "HORTICULTURE",
        "Category": "Vegetables",
        "Crop": "Capsicum",
        "QueryType": "Nutrient Management",
        "QueryText": "NUTRIENT MANAGEMENT RELATED QUERY ",
        "KccAns": "प्रिय कृषक बंधू आप फसल की बढ़ोतरी के लिए मल्टिमाइक्रो नुट्रिएंट 3 ml/lit पानी को घोल बनाकर छिड़काव करे| ",
        "StateName": "BIHAR",
        "DistrictName": "SHEOHAR",
        "BlockName": "SHEOHAR",
        "CreatedOn": "2023-03-03T16:38:19.533"
      },
      {
        "Season": "NA",
        "Sector": "HORTICULTURE",
        "Category": "Vegetables",
        "Crop": "Capsicum",
        "QueryType": "\tPlant Protection\t",
        "QueryText": "Flower Dropping ",
        "KccAns": "फूल और फल झड़ने के नियंत्रण के लिए प्लानोफिक्स ( नेफ़थलीन एसिटिक एसिड) 1 ML 4.5 लीटर पानी को मिलाकर छिड़काव करे। ",
        "StateName": "BIHAR",
        "DistrictName": "SHEOHAR",
        "BlockName": "SHEOHAR",
        "CreatedOn": "2023-03-03T16:38:53.977"
      },
      {
        "Season": "NA",
        "Sector": "AGRICULTURE",
        "Category": "Others",
        "Crop": "Others",
        "QueryType": "Government Schemes",
        "QueryText": "\n PRADHAN  MANTRI  KISAN SAMMAN NIDHI YOJNA RELATED  QUERY\n",
        "KccAns": "किसान भाई प्रधान मंत्री किसान सम्मान निधि योजना का लाभ लेने के लिए अपना बैंक खाता को आधार से  लिंक करवाएं और आप अपने  खाता को NPCI से लिंक कराने के लिए बैंक शाखा से संपर्क करें |",
        "StateName": "BIHAR",
        "DistrictName": "SHEOHAR",
        "BlockName": "TARIYANI",
        "CreatedOn": "2023-03-03T17:39:47.93"
      },
      {
        "Season": "NA",
        "Sector": "AGRICULTURE",
        "Category": "Others",
        "Crop": "Others",
        "QueryType": "Government Schemes",
        "QueryText": " PRADHAN  MANTRI  KISAN SAMMAN NIDHI YOJNA RELATED  QUERY",
        "KccAns": "किसान भाई, प्रधानमंत्री किसान सम्मान निधि योजना का लाभ लेने के लिए आवेदक के नाम का जमीन का अपडेट रसीद होना अनिवार्य हैं।",
        "StateName": "BIHAR",
        "DistrictName": "SHEOHAR",
        "BlockName": "SHEOHAR",
        "CreatedOn": "2023-03-03T18:53:54.167"
      },
      {
        "Season": "NA",
        "Sector": "AGRICULTURE",
        "Category": "Others",
        "Crop": "Others",
        "QueryType": "Government Schemes",
        "QueryText": "Government Scheme Related Query   ",
        "KccAns": "जिन किसान का बैंक खाता आधार एवं NPCI से नहीं जुड़ा है यानि DBT Enabled नहीं है वैसे किसान तुरंत आधार एनपीसीआई से खाता को लिंक कराएं अन्यथा पोस्ट ऑफिस जा कर इंडिया पोस्ट पेमेंट बैंक (IPPB) में DBT Enabled बैंक खाता खुलवाएं | \n ",
        "StateName": "BIHAR",
        "DistrictName": "SHEOHAR",
        "BlockName": "SHEOHAR",
        "CreatedOn": "2023-03-04T11:49:18.6"
      },
      {
        "Season": "NA",
        "Sector": "AGRICULTURE",
        "Category": "Others",
        "Crop": "Others",
        "QueryType": "Government Schemes",
        "QueryText": "QUERY RELATED TO GOVERNMENT SCHEMES ",
        "KccAns": "किसान भाई आप ब्लॉक में  संपर्क करें| ",
        "StateName": "BIHAR",
        "DistrictName": "SHEOHAR",
        "BlockName": "PURNAHIYA",
        "CreatedOn": "2023-03-04T12:43:08.13"
      },
      {
        "Season": "NA",
        "Sector": "HORTICULTURE",
        "Category": "Fruits",
        "Crop": "Mango",
        "QueryType": "Cultural Practices",
        "QueryText": "cultural practices in mango",
        "KccAns": "प्रधानमंत्री किसान सम्मान निधि योजना का हेल्प लाईन नंबर : - 011-24300606 पर संपर्क करे | 10 बजे से 6 बजे तक (सोमवार से शुक्रवार तक )   ",
        "StateName": "BIHAR",
        "DistrictName": "SHEOHAR",
        "BlockName": "PURNAHIYA",
        "CreatedOn": "2023-03-04T12:50:33.363"
      },
      {
        "Season": "NA",
        "Sector": "AGRICULTURE",
        "Category": "Others",
        "Crop": "Others",
        "QueryType": "Government Schemes",
        "QueryText": "Government Scheme Related Query   ",
        "KccAns": " किसान भाई प्रधानमंत्री किसान सम्मान निधि योजना का किस्त 31 मार्च तक आने का इंतजार करें अन्यथा अगली किस्त के समय दोनों  किस्त एक साथ आएंगे ! ",
        "StateName": "BIHAR",
        "DistrictName": "SHEOHAR",
        "BlockName": "SHEOHAR",
        "CreatedOn": "2023-03-04T13:18:40.963"
      },
      {
        "Season": "NA",
        "Sector": "AGRICULTURE",
        "Category": "Others",
        "Crop": "Others",
        "QueryType": "Government Schemes",
        "QueryText": "Government Scheme Related Query   ",
        "KccAns": " किसान भाई प्रधानमंत्री किसान सम्मान निधि योजना का किस्त 31 मार्च तक आने का इंतजार करें अन्यथा अगली किस्त के समय दोनों  किस्त एक साथ आएंगे ! ",
        "StateName": "BIHAR",
        "DistrictName": "SHEOHAR",
        "BlockName": "SHEOHAR",
        "CreatedOn": "2023-03-04T13:18:41.15"
      },
      {
        "Season": "NA",
        "Sector": "AGRICULTURE",
        "Category": "Others",
        "Crop": "Others",
        "QueryType": "Government Schemes",
        "QueryText": "Government Scheme Related Query   ",
        "KccAns": " किसान भाई प्रधानमंत्री किसान सम्मान निधि योजना का किस्त 31 मार्च तक आने का इंतजार करें अन्यथा अगली किस्त के समय दोनों  किस्त एक साथ आएंगे ! ",
        "StateName": "BIHAR",
        "DistrictName": "SHEOHAR",
        "BlockName": "SHEOHAR",
        "CreatedOn": "2023-03-04T13:18:41.32"
      },
      {
        "Season": "NA",
        "Sector": "AGRICULTURE",
        "Category": "Others",
        "Crop": "Others",
        "QueryType": "Government Schemes",
        "QueryText": " PRADHAN  MANTRI  KISAN SAMMAN NIDHI YOJNA RELATED  QUERY",
        "KccAns": "कृषक बंधु प्रधानमंत्री किसान सम्मान निधि योजना में भौतिक सत्यपन कारवाना अनिवर्य हैं और उसके लिए आप अपने ब्लॉक के किसान भवन में पंचायत कृषि समन्वयक या पंचायत किसान सलाहकर से संपर्क करें |",
        "StateName": "BIHAR",
        "DistrictName": "SHEOHAR",
        "BlockName": "SHEOHAR",
        "CreatedOn": "2023-03-04T14:42:34.89"
      },
      {
        "Season": "NA",
        "Sector": "AGRICULTURE",
        "Category": "Others",
        "Crop": "Others",
        "QueryType": "Government Schemes",
        "QueryText": " QUERY ABOUT PM KISAN SAMMAN NIDHI    ",
        "KccAns": "किसान भाई आप अपने प्रखंड कृषि पदाधिकारी या जिला कृषि पदाधिकारी से संपर्क करें ",
        "StateName": "BIHAR",
        "DistrictName": "SHEOHAR",
        "BlockName": "SHEOHAR",
        "CreatedOn": "2023-03-04T16:29:17.817"
      },
      {
        "Season": "NA",
        "Sector": "AGRICULTURE",
        "Category": "Others",
        "Crop": "Others",
        "QueryType": "Government Schemes",
        "QueryText": "Information About Installment status Under Pradhanmantri kisan samman nidhi scheme…?",
        "KccAns": "श्रीमान जी PM किसान सम्मान निधि योजना के लिए www.pmkisan.gov.inc.in पर जानकारी ले सकते है,कृषि विभाग और ब्लॉक से सम्पर्क करे-1800-115526\n",
        "StateName": "BIHAR",
        "DistrictName": "SHEOHAR",
        "BlockName": "SHEOHAR",
        "CreatedOn": "2023-03-04T16:37:37.697"
      },
      {
        "Season": "NA",
        "Sector": "AGRICULTURE",
        "Category": "Others",
        "Crop": "Others",
        "QueryType": "Government Schemes",
        "QueryText": "Pradhan Mantri Kisan Samman Nidhi Yojana  ",
        "KccAns": "किसान भाई आप इंतजार कर लीजिए ",
        "StateName": "BIHAR",
        "DistrictName": "SHEOHAR",
        "BlockName": "DUMARI KATSARI",
        "CreatedOn": "2023-03-04T19:46:47.443"
      },
      {
        "Season": "NA",
        "Sector": "AGRICULTURE",
        "Category": "Others",
        "Crop": "Others",
        "QueryType": "Government Schemes",
        "QueryText": "PRADHAN MANTRI KISAN SAMMAN NIDHI YOJNA RELATED QUERY",
        "KccAns": "किसान भाई प्रधान मंत्री किसान सम्मान निधि योजना का लाभ लेने के लिए अपना बैंक खाता को आधार से  लिंक करवाएं और आप अपने  खाता को NPCI से लिंक कराने के लिए बैंक शाखा से संपर्क करें |",
        "StateName": "BIHAR",
        "DistrictName": "SHEOHAR",
        "BlockName": "DUMARI KATSARI",
        "CreatedOn": "2023-03-05T11:00:28.63"
      },
      {
        "Season": "NA",
        "Sector": "AGRICULTURE",
        "Category": "Others",
        "Crop": "Others",
        "QueryType": "Government Schemes",
        "QueryText": "Government Scheme Related Query   ",
        "KccAns": " किसान भाई प्रधानमंत्री किसान सम्मान निधि योजना का किस्त 31 मार्च तक आने का इंतजार करें अन्यथा अगली किस्त के समय दोनों  किस्त एक साथ आएंगे ! ",
        "StateName": "BIHAR",
        "DistrictName": "SHEOHAR",
        "BlockName": "DUMARI KATSARI",
        "CreatedOn": "2023-03-05T11:08:24.923"
      },
      {
        "Season": "NA",
        "Sector": "AGRICULTURE",
        "Category": "Others",
        "Crop": "Others",
        "QueryType": "Government Schemes",
        "QueryText": "Government Scheme Related Query   ",
        "KccAns": " किसान भाई प्रधानमंत्री किसान सम्मान निधि योजना का किस्त 31 मार्च तक आने का इंतजार करें अन्यथा अगली किस्त के समय दोनों  किस्त एक साथ आएंगे ! ",
        "StateName": "BIHAR",
        "DistrictName": "SHEOHAR",
        "BlockName": "DUMARI KATSARI",
        "CreatedOn": "2023-03-05T11:08:24.923"
      },
      {
        "Season": "NA",
        "Sector": "AGRICULTURE",
        "Category": "Others",
        "Crop": "Others",
        "QueryType": "Government Schemes",
        "QueryText": "Government Scheme Related Query   ",
        "KccAns": " किसान भाई प्रधानमंत्री किसान सम्मान निधि योजना का किस्त 31 मार्च तक आने का इंतजार करें अन्यथा अगली किस्त के समय दोनों  किस्त एक साथ आएंगे ! ",
        "StateName": "BIHAR",
        "DistrictName": "SHEOHAR",
        "BlockName": "DUMARI KATSARI",
        "CreatedOn": "2023-03-05T11:08:24.923"
      },
      {
        "Season": "NA",
        "Sector": "AGRICULTURE",
        "Category": "Others",
        "Crop": "Others",
        "QueryType": "Government Schemes",
        "QueryText": "Government Scheme Related Query   ",
        "KccAns": " किसान भाई प्रधानमंत्री किसान सम्मान निधि योजना का किस्त 31 मार्च तक आने का इंतजार करें अन्यथा अगली किस्त के समय दोनों  किस्त एक साथ आएंगे ! ",
        "StateName": "BIHAR",
        "DistrictName": "SHEOHAR",
        "BlockName": "DUMARI KATSARI",
        "CreatedOn": "2023-03-05T11:08:24.923"
      },
      {
        "Season": "NA",
        "Sector": "AGRICULTURE",
        "Category": "Others",
        "Crop": "Others",
        "QueryType": "Government Schemes",
        "QueryText": "Government Scheme Related Query   ",
        "KccAns": " किसान भाई प्रधानमंत्री किसान सम्मान निधि योजना का किस्त 31 मार्च तक आने का इंतजार करें अन्यथा अगली किस्त के समय दोनों  किस्त एक साथ आएंगे ! ",
        "StateName": "BIHAR",
        "DistrictName": "SHEOHAR",
        "BlockName": "DUMARI KATSARI",
        "CreatedOn": "2023-03-05T11:08:24.923"
      },
      {
        "Season": "NA",
        "Sector": "AGRICULTURE",
        "Category": "Others",
        "Crop": "Others",
        "QueryType": "Government Schemes",
        "QueryText": "Government Scheme Related Query   ",
        "KccAns": "बैंक से संपर्क करे   \n ",
        "StateName": "BIHAR",
        "DistrictName": "SHEOHAR",
        "BlockName": "DUMARI KATSARI",
        "CreatedOn": "2023-03-05T11:28:32.877"
      },
      {
        "Season": "NA",
        "Sector": "AGRICULTURE",
        "Category": "Others",
        "Crop": "Others",
        "QueryType": "Government Schemes",
        "QueryText": "Government Scheme Related Query   ",
        "KccAns": "जिन किसान का बैंक खाता आधार एवं NPCI से नहीं जुड़ा है यानि DBT Enabled नहीं है वैसे किसान तुरंत आधार एनपीसीआई से खाता को लिंक कराएं अन्यथा पोस्ट ऑफिस जा कर इंडिया पोस्ट पेमेंट बैंक (IPPB) में DBT Enabled बैंक खाता खुलवाएं | \n DBT पोर्टल के लैंड लाइन नंबर: 0612-2233555 संपर्क करने का समय सुबह 10:30 बजे से शाम 5 बजे तक (शनिवार, रविवार एवं अवकाश के दिन को छोड़ कर) ",
        "StateName": "BIHAR",
        "DistrictName": "SHEOHAR",
        "BlockName": "DUMARI KATSARI",
        "CreatedOn": "2023-03-05T12:11:06.813"
      },
      {
        "Season": "NA",
        "Sector": "AGRICULTURE",
        "Category": "Others",
        "Crop": "Others",
        "QueryType": "Government Schemes",
        "QueryText": "Pradhan Mantri Kisan Samman Nidhi Yojana Related Query",
        "KccAns": "https://dbtagriculture.bihar.gov.in/CheckStatusPMKISan.aspx \n\nअपने आवेदन की स्थिति की जांच करने के लिए इस वेबसाइट पर जाएं।",
        "StateName": "BIHAR",
        "DistrictName": "SHEOHAR",
        "BlockName": "PIPRAHI",
        "CreatedOn": "2023-03-05T12:19:17.41"
      },
      {
        "Season": "NA",
        "Sector": "AGRICULTURE",
        "Category": "Others",
        "Crop": "Others",
        "QueryType": "Government Schemes",
        "QueryText": "Query related to editing farmer details in farmer registration",
        "KccAns": "प्रिय कृषक बंधू आप https://dbtagriculture.bihar.gov.in/RegFarmer/UpdateAcMobile.aspx इस वेबसाइट  पर जाकर बिवरण संसोधन  करे | बैंक विवरणी, नाम, पिता/पति का नाम, लिंग, गाँव एवं मोबाइल नंबर सुधार करने की सुविधा उपलब्ध है| \n",
        "StateName": "BIHAR",
        "DistrictName": "SHEOHAR",
        "BlockName": "PIPRAHI",
        "CreatedOn": "2023-03-05T12:20:35.673"
      },
      {
        "Season": "NA",
        "Sector": "AGRICULTURE",
        "Category": "Others",
        "Crop": "Others",
        "QueryType": "Government Schemes",
        "QueryText": "Query related to  government scheme ",
        "KccAns": "किसान भाई आप पंचायत में जाकर संपर्क करें| ",
        "StateName": "BIHAR",
        "DistrictName": "SHEOHAR",
        "BlockName": "PIPRAHI",
        "CreatedOn": "2023-03-05T12:27:20.66"
      },
      {
        "Season": "NA",
        "Sector": "AGRICULTURE",
        "Category": "Others",
        "Crop": "Others",
        "QueryType": "Government Schemes",
        "QueryText": "QUERY RELATED TO GOVERNMENT SCHEMES ",
        "KccAns": "किसान भाई बेहतर जानकारी के लिए  0612 2233555 नंबर संपर्क करें|10:30 बजे से 5 बजे तक (सोमवार से शुक्रवार तक )   ",
        "StateName": "BIHAR",
        "DistrictName": "SHEOHAR",
        "BlockName": "PIPRAHI",
        "CreatedOn": "2023-03-05T12:28:43.2"
      },
      {
        "Season": "NA",
        "Sector": "AGRICULTURE",
        "Category": "Others",
        "Crop": "Others",
        "QueryType": "Government Schemes",
        "QueryText": " QUERY ABOUT PM KISAN SAMMAN NIDHI   ",
        "KccAns": "किसान भाई वसुधा केंद्र से संपर्क करके e-kyc अपडेट करवा ले",
        "StateName": "BIHAR",
        "DistrictName": "SHEOHAR",
        "BlockName": "SHEOHAR",
        "CreatedOn": "2023-03-05T13:14:20.46"
      },
      {
        "Season": "NA",
        "Sector": "HORTICULTURE",
        "Category": "Fruits",
        "Crop": "Mango",
        "QueryType": "Cultural Practices",
        "QueryText": "QUERY ABOUT CULTURAL PRACTICES",
        "KccAns": "किसान भाई आप आम के पौधे पर अभी कोई भी दवा का प्रयोग नहीं करेंगे",
        "StateName": "BIHAR",
        "DistrictName": "SHEOHAR",
        "BlockName": "TARIYANI",
        "CreatedOn": "2023-03-05T14:04:58.99"
      },
      {
        "Season": "NA",
        "Sector": "AGRICULTURE",
        "Category": "Cereals",
        "Crop": "Wheat",
        "QueryType": "Weather",
        "QueryText": "Farmer asked query on Weather",
        "KccAns": "महोदय, 5 मार्च से 11 मार्च के बीच बारिश होने की संभावना नहीं है,आंशिक रूप से बादल छाए रहेंगे। आज का न्यूनतम तापमान 26° C औरअधिकतम तापमान 31 ° C एवं हवा की गति 14 किलोमीटर प्रति घंटा रहने की संभावना है। मौसम के अनुसार कृषि कार्य को करे l",
        "StateName": "BIHAR",
        "DistrictName": "SHEOHAR",
        "BlockName": "PIPRAHI",
        "CreatedOn": "2023-03-05T16:11:33.09"
      },
      {
        "Season": "NA",
        "Sector": "AGRICULTURE",
        "Category": "Sugar and Starch Crops",
        "Crop": "Sugarcane (Noble Cane)",
        "QueryType": "Varieties",
        "QueryText": "QUERY RELATED TO VARIETY ",
        "KccAns": "अगात गन्ना प्रभेद :- बी.ओ. -130, को. पू. -9301, बी.ओ. -139, को.ल.-94184, बी.ओ. -153, को. पू. -112, राजेंद्र गन्ना-1 \nमध्य पिछात गन्ना प्रभेद :- बी.ओ. -91, को. पू. -9302,9702, बी.ओ. -136, बी.ओ. -137, बी.ओ. -146,  को. पू. -2061, बी.ओ. -154, को. पू. -09437 \nवसंतकालीन गन्ना की रोपाई का समय 15 फरवरी से 15 मार्च तक है |",
        "StateName": "BIHAR",
        "DistrictName": "SHEOHAR",
        "BlockName": "SHEOHAR",
        "CreatedOn": "2023-03-05T18:12:24.883"
      },
      {
        "Season": "NA",
        "Sector": "AGRICULTURE",
        "Category": "Sugar and Starch Crops",
        "Crop": "Sugarcane (Noble Cane)",
        "QueryType": "Nutrient Management",
        "QueryText": "QUERY RELATED TO NUTRIENT MANAGEMENT ",
        "KccAns": "गन्ना में रासायनिक उर्वरकों में 130 किलोग्राम यूरिया के रूप में प्रति एकड़ की दर से डाला जाता है। यूरिया की आधी मात्रा यानि 65 किलोग्राम रोपनी के समय तथा शेष 65 किलोग्राम  मिट्टी चढ़ाने के समय डाला जाता है।  स्फुर के लिए डी.ए.पी. या सिंगल सुपर फास्फेट दोनों में से किसी एक ही खाद का प्रयोग करें। डी.ए.पी. की मात्रा 73 किलोग्राम प्रति एकड़ या सिंगल सुपर फास्फेट की मात्रा 212 किलोग्राम प्रति एकड़ तथा पोटाश के लिए 40 किलोग्राम म्यूरिएट ऑफ़ पोटाश प्रति एकड़ की दर से व्यवहार करें। ",
        "StateName": "BIHAR",
        "DistrictName": "SHEOHAR",
        "BlockName": "SHEOHAR",
        "CreatedOn": "2023-03-05T18:12:56.41"
      },
      {
        "Season": "NA",
        "Sector": "AGRICULTURE",
        "Category": "Sugar and Starch Crops",
        "Crop": "Sugarcane (Noble Cane)",
        "QueryType": "Cultural Practices",
        "QueryText": "QUERY RELATED SEED TREATMENT ",
        "KccAns": "प्रिय कृषक बंधू गन्ने का शोधन पहले कार्बेंडाजिम या बाविस्टिन 50% धूल 2 ग्राम प्रति लीटर पानी में घोल बनाकर के गन्ने को सेट को डाल दें | 10 से 15 मिनट के लिए उसके बाद उसे 30 मिनट के लिए छायादार जगह में छोड़ देना क्लोरोप्यरीफोस 4ml प्रति लीटर पानी में घोल बनाकर के पुनः इस सेट को 10 से 15 मिनट के लिए छोड़ दें और फिर छायादार जगह में सुखा लें उसके बाद इसकी रोपाई करें इस प्रकार करने से फफूंद जनित रोग एवं कीट व्याधि से बचाव होता है | ",
        "StateName": "BIHAR",
        "DistrictName": "SHEOHAR",
        "BlockName": "SHEOHAR",
        "CreatedOn": "2023-03-05T18:15:51.02"
      },
      {
        "Season": "NA",
        "Sector": "AGRICULTURE",
        "Category": "Others",
        "Crop": "Others",
        "QueryType": "Government Schemes",
        "QueryText": "PRADHAN MANTRI KISAN SAMMAN NIDHI YOJNA RELATED QUERY",
        "KccAns": "किसान भाई प्रधानमंत्री किसान सम्मान निधि योजना की किस्त 27 फरवरी को जारी हो चुकी है, आप 31 मार्च तक का प्रतीक्षा करें |  ",
        "StateName": "BIHAR",
        "DistrictName": "SHEOHAR",
        "BlockName": "DUMARI KATSARI",
        "CreatedOn": "2023-03-05T21:14:12.197"
      },
      {
        "Season": "NA",
        "Sector": "HORTICULTURE",
        "Category": "Fruits",
        "Crop": "Aonla",
        "QueryType": "Nutrient Management",
        "QueryText": "NUTRIENT MANAGEMENT RELATED QUERY ",
        "KccAns": "किसान भाई आप 40-45 किलो कम्पोस्ट, 4 किलो नीम की खल्ली एवं 200-250 ग्राम थाइमेट या कार्बोफूरोन , 2 किलोग्राम  NPK  12:32:16  मिलाकर इस मिश्रण को  1 मीटर की परिधि में जड़ के चारो तरफ  प्रयोग करे | ",
        "StateName": "BIHAR",
        "DistrictName": "SHEOHAR",
        "BlockName": "DUMARI KATSARI",
        "CreatedOn": "2023-03-06T09:17:20.527"
      },
      {
        "Season": "NA",
        "Sector": "HORTICULTURE",
        "Category": "Fruits",
        "Crop": "Litchi",
        "QueryType": "\tPlant Protection\t",
        "QueryText": "       PLANT PROTECTION RELATED QUERY   ",
        "KccAns": "मैंकोजेब 75% WP 2  ग्राम/लीटर पानी में मिलाकर स्प्रे करे  \nइमिडाक्लोप्रिड 17.8 SL 1 ML / 3 लीटर पानी में मिलाकर स्प्रे करे  उरने वाला कीड़ा ",
        "StateName": "BIHAR",
        "DistrictName": "SHEOHAR",
        "BlockName": "DUMARI KATSARI",
        "CreatedOn": "2023-03-06T09:18:18.153"
      },
      {
        "Season": "NA",
        "Sector": "AGRICULTURE",
        "Category": "Others",
        "Crop": "Others",
        "QueryType": "Government Schemes",
        "QueryText": "Government Scheme Related Query",
        "KccAns": "आप अपने क्षेत्र के नजदीकी बैंक शाखा जाकर जिस बैंक अकाउंट पर पैसे प्राप्त करना चाहते है उसको NPCI से लिंक करवा ले या इंडियन पोस्ट पेमेंट बैंक में नया खाता खुलवा ले धन्यवाद",
        "StateName": "BIHAR",
        "DistrictName": "SHEOHAR",
        "BlockName": "SHEOHAR",
        "CreatedOn": "2023-03-06T12:47:10.597"
      },
      {
        "Season": "NA",
        "Sector": "AGRICULTURE",
        "Category": "Oilseeds",
        "Crop": "Mustard",
        "QueryType": "Weather",
        "QueryText": "Farmer asked query on Weather",
        "KccAns": "प्रिय कृषक बंधु, आपके क्षेत्र में  अगले 5 दिनों तक  कोई बारिश की सम्भावना नहीं है । उच्चतम तापमान 32 डिग्री सेल्सियस है एवं न्यूनतम तापमान 16 डिग्री सेल्सियस है। हवा की रफ्तार 11 किलोमीटर प्रति घंटे से पछिया हवा चलने की संभावना है।",
        "StateName": "BIHAR",
        "DistrictName": "SHEOHAR",
        "BlockName": "TARIYANI",
        "CreatedOn": "2023-03-06T13:45:22.277"
      },
      {
        "Season": "NA",
        "Sector": "HORTICULTURE",
        "Category": "Vegetables",
        "Crop": "Pointed Gourd",
        "QueryType": "\tPlant Protection\t",
        "QueryText": "plant protection related query in pointed gourd",
        "KccAns": "इमिडाक्लोप्रिड 17.8 SL @ 1 ml 3 लीटर पानी और स्टिकर को मिलाकर छिड़काव करे | ",
        "StateName": "BIHAR",
        "DistrictName": "SHEOHAR",
        "BlockName": "SHEOHAR",
        "CreatedOn": "2023-03-07T08:21:05.077"
      },
      {
        "Season": "NA",
        "Sector": "HORTICULTURE",
        "Category": "Vegetables",
        "Crop": "Pointed Gourd",
        "QueryType": "\tPlant Protection\t",
        "QueryText": "plant protection related query in pointed gourd ",
        "KccAns": "किसान भाई कार्बेंडाजिम एवं मैंकोजेब संयुक्त उत्पाद का 2 ग्राम प्रति लिटर पानी में मिलाकर छिड़काव करें | ",
        "StateName": "BIHAR",
        "DistrictName": "SHEOHAR",
        "BlockName": "SHEOHAR",
        "CreatedOn": "2023-03-07T08:22:03.327"
      },
      {
        "Season": "NA",
        "Sector": "AGRICULTURE",
        "Category": "Others",
        "Crop": "Others",
        "QueryType": "Government Schemes",
        "QueryText": "Pradhan Mantri Kisan Samman Nidhi Yojana Related Query ",
        "KccAns": "प्रिय कृषक बंधू बैंक में शाखा प्रबंधक से संपर्क कर खाते को एन.पी.सी.आई. से लिंक करवाएं|",
        "StateName": "BIHAR",
        "DistrictName": "SHEOHAR",
        "BlockName": "DUMARI KATSARI",
        "CreatedOn": "2023-03-07T12:02:32.92"
      },
      {
        "Season": "NA",
        "Sector": "AGRICULTURE",
        "Category": "Others",
        "Crop": "Others",
        "QueryType": "Government Schemes",
        "QueryText": "Query Related to Pradhan Mantri Kisan Samman Nidhi Yojna  ",
        "KccAns": "किसान भाई, LAND SEEDING सही करवणे के लिए आप जमीन का अपडेट रसीद लेके अपने प्रखंड के अंचल अधिकारी से संपर्क करें |",
        "StateName": "BIHAR",
        "DistrictName": "SHEOHAR",
        "BlockName": "SHEOHAR",
        "CreatedOn": "2023-03-07T13:26:16.923"
      },
      {
        "Season": "NA",
        "Sector": "AGRICULTURE",
        "Category": "Others",
        "Crop": "Others",
        "QueryType": "Government Schemes",
        "QueryText": "Query about PM kisan samman nidhi yojna ",
        "KccAns": "किसान भाई आप PM  किसान सम्मान निधि योजना की मुख्यालय के हेल्पलाइन नंबर - 155261 / 011-24300606  पर सोमवार से शुक्रवार सुबह 10 बजे से शाम 5 बजे तक के मध्य में संपर्क करे। ",
        "StateName": "BIHAR",
        "DistrictName": "SHEOHAR",
        "BlockName": "TARIYANI",
        "CreatedOn": "2023-03-07T14:18:46.707"
      },
      {
        "Season": "NA",
        "Sector": "AGRICULTURE",
        "Category": "Others",
        "Crop": "Others",
        "QueryType": "Government Schemes",
        "QueryText": "Query about Farmer registration ",
        "KccAns": "किसान भाई आप अपने किसान पंजीकरण की रिकॉर्ड इस वेबसाइट लिंक- https://dbtagriculture.bihar.gov.in/  पर ओपन करके देख सकते हैं \n\nhttps://dbtagriculture.bihar.gov.in/ ",
        "StateName": "BIHAR",
        "DistrictName": "SHEOHAR",
        "BlockName": "PIPRAHI",
        "CreatedOn": "2023-03-07T14:36:54.9"
      },
      {
        "Season": "NA",
        "Sector": "HORTICULTURE",
        "Category": "Vegetables",
        "Crop": "Pointed Gourd",
        "QueryType": "\tPlant Protection\t",
        "QueryText": "       PLANT PROTECTION RELATED QUERY   ",
        "KccAns": "पौधा में फूल नहीं आने पर बूमफ्लावर  3ml/l - लीटर पानी में मिलाकर स्प्रे करे प्रिय कृषक बंधू आप परवल में कैल्शियम की कमी को पूरा करने के लिए सिंगल सुपर फॉस्फेट  (S.S.P) 5 ग्राम / कैल्शियम क्लोराइड 2 ग्राम प्रति लीटर पानी में मिलाकर छिड़काव करे | ",
        "StateName": "BIHAR",
        "DistrictName": "SHEOHAR",
        "BlockName": "SHEOHAR",
        "CreatedOn": "2023-03-07T15:21:03.027"
      },
      {
        "Season": "NA",
        "Sector": "AGRICULTURE",
        "Category": "Cereals",
        "Crop": "Wheat",
        "QueryType": "\tPlant Protection\t",
        "QueryText": "       PLANT PROTECTION RELATED QUERY   ",
        "KccAns": "इमामेक्टिन बेंजोएट  5% SG1 ग्राम 3 लीटर पानी में घोल बनाकर स्प्रे करना है  {तना छेदक} ",
        "StateName": "BIHAR",
        "DistrictName": "SHEOHAR",
        "BlockName": "SHEOHAR",
        "CreatedOn": "2023-03-07T18:03:32.37"
      },
      {
        "Season": "NA",
        "Sector": "AGRICULTURE",
        "Category": "Others",
        "Crop": "Others",
        "QueryType": "Government Schemes",
        "QueryText": "Query about PM kisan samman nidhi yojna ",
        "KccAns": "Beneficiary Status\nFarmer Name : MD ABDUL KUDUSH\nFather Name: SABIR ALAM\tMobile Number: ******9680\nState:\tDistrict:\nVillage:\tTown:\nWard:\tHome Address: Sisaula\nRegistration Status: Registration done ( BR253846320 )\tRegistration Date: 21/06/2019\nAadhaar Demo Authentication Status: Success\teKYC Done : YES\nEligibility : YES\t\nPayment Mode: AADHAAR\nAccount Number: NA\nPFMS / Bank Status: Farmer Record has been accepted by PFMS / Bank\t\nPFMS Response Date: 16/03/2022\nLand Seeding: YES\t\nStatus\tIst Installment\t2nd Installment\t3rd Installment\t4th Installment\t5th Installment\nPayment Status:\t\t\t\t\t\nBank Name:\tBANK OF INDIA\tBANK OF INDIA\tBANK OF INDIA\tBANK OF INDIA\tBANK OF INDIA\nCredited Account:\t********2992\t********2992\t********2992\t********2992\t********2992\nCredited Date:\t17/09/2019\t01/10/2019\t03/01/2020\t06/04/2020\t10/08/2020\nUTR No:\t********8343\t********5027\t********5756\t********9816\t********9514\nTransaction Failed Reason:\t-----\t-----\t-----\t-----\t-----\nFTO Pending Reason:\t\t\t\t\t\nStatus\t6th Installment\t7nth Installment\t8th Installment\t9th Installment\t10th Installment\nPayment Status:\t\t\t\t\t\nBank Name:\tBANK OF INDIA\tBANK OF INDIA\tBANK OF INDIA\tBANK OF INDIA\tSTATE BANK OF INDIA\nCredited Account:\t********2992\t********2992\t********2992\t********2992\t********5967\nCredited Date:\t25/12/2020\t15/05/2021\t10/08/2021\t02/01/2022\t01/06/2022\nUTR No:\t********8086\t********2873\t********3270\t********9229\t********9203\nTransaction Failed Reason:\t-----\t-----\t-----\t-----\t-----\nFTO Pending Reason:\t\t\t\t\t\nStatus\t11th Installment\t12th Installment\t13th Installment\t\t\nPayment Status:\t\t\t\t\t\nBank Name:\t-----\tIndia Post Payments Bank\t\t\t\nCredited Account:\t-----\t********5983\t\t\t\nCredit Date:\t-----\t27/02/2023\t\t\t\nUTR No:\t-----\t********6634\t\t\t\nTransaction Failed Reason:\t-----\t-----",
        "StateName": "BIHAR",
        "DistrictName": "SHEOHAR",
        "BlockName": "SHEOHAR",
        "CreatedOn": "2023-03-07T18:45:49.813"
      },
      {
        "Season": "NA",
        "Sector": "AGRICULTURE",
        "Category": "Others",
        "Crop": "Others",
        "QueryType": "Government Schemes",
        "QueryText": "  QUERY ABOUT PM KISAN SAMMAN NIDHI  ",
        "KccAns": " किसान भाई प्रधानमंत्री किसान सम्मान निधि योजना का सहायता राशि आपके बैंक खाते में जा चुकी है आप अपने बैंक पासबुक को अपडेट करवा ले                                              \n किसान भाई आप अपने नजदीकी वसुधा केंद्र पर संपर्क करके ईकेवाईसी करवा ले   ",
        "StateName": "BIHAR",
        "DistrictName": "SHEOHAR",
        "BlockName": "SHEOHAR",
        "CreatedOn": "2023-03-07T18:50:05.463"
      },
      {
        "Season": "NA",
        "Sector": "AGRICULTURE",
        "Category": "Oilseeds",
        "Crop": "Mustard",
        "QueryType": "Weather",
        "QueryText": "Farmer asked query on Weather",
        "KccAns": "किसान भाई  मौसम का पूर्वानुमान अगले पांच दिनों में आपके क्षेत्र में वर्षा होने की संभावना नहीं हैै, आंशिक रूप से बादल छाए रहेंगे । आज का अपेक्षित अधिकतम तापमान 32 डिग्री सेल्सियस और न्यूनतम तापमान 18 डिग्री सेल्सियस और हवा की गति 12 किलोमीटर प्रति घंटा से पछिया  हवा  चलने की  संभावना है  | \n",
        "StateName": "BIHAR",
        "DistrictName": "SHEOHAR",
        "BlockName": "PIPRAHI",
        "CreatedOn": "2023-03-08T11:33:57.003"
      },
      {
        "Season": "NA",
        "Sector": "AGRICULTURE",
        "Category": "Others",
        "Crop": "Others",
        "QueryType": "Government Schemes",
        "QueryText": "QUERY ABOUT PM KISAN SAMMAN NIDHI   ",
        "KccAns": "--किसान भाई आप अपने नजदीकी वसुधा केंद्र से संपर्क करें",
        "StateName": "BIHAR",
        "DistrictName": "SHEOHAR",
        "BlockName": "SHEOHAR",
        "CreatedOn": "2023-03-08T17:11:39.707"
      },
      {
        "Season": "NA",
        "Sector": "HORTICULTURE",
        "Category": "Vegetables",
        "Crop": "Pointed Gourd",
        "QueryType": "Nutrient Management",
        "QueryText": "Query about Nutrient management  ",
        "KccAns": "किसान भाई आप अपने पौधे  में एनपीके  0 ;52 ;34  का तो आप  1.5  से 2 ग्राम प्रति लीटर पानी के अनुसार प्रयोग कर सकते हैं",
        "StateName": "BIHAR",
        "DistrictName": "SHEOHAR",
        "BlockName": "SHEOHAR",
        "CreatedOn": "2023-03-08T17:44:47.9"
      },
      {
        "Season": "NA",
        "Sector": "AGRICULTURE",
        "Category": "Others",
        "Crop": "Others",
        "QueryType": "Government Schemes",
        "QueryText": "Query about Government Scheme ",
        "KccAns": "किसान भाई अपने फसल सहायता योजना  आवेदन की जानकारी के लिए इस नंबर - 18001800110  पे संपर्क करे ",
        "StateName": "BIHAR",
        "DistrictName": "SHEOHAR",
        "BlockName": "SHEOHAR",
        "CreatedOn": "2023-03-08T18:57:08.29"
      },
      {
        "Season": "NA",
        "Sector": "AGRICULTURE",
        "Category": "Others",
        "Crop": "Others",
        "QueryType": "Government Schemes",
        "QueryText": "Pradhan Mantri Kisan Samman Nidhi Yojana  ",
        "KccAns": "Farmer Name : BABLU KUMAR SAHNI\nFather Name: RAM SURAT SAHNI\tMobile Number: ******3206\nState:\tDistrict:\nVillage:\tTown:\nWard:\tHome Address: Gosainpur Nilami\nRegistration Status: Registration done ( BR256961350 )\tRegistration Date: 23/09/2019\nAadhaar Demo Authentication Status: Success\teKYC Done : YES\nEligibility : YES\t\nPayment Mode: AADHAAR\nAccount Number: ********3360 ( IFSC: BARB0JAHSHE)\nPFMS / Bank Status: Farmer Record has been rejected by PFMS / Bank\t\nPFMS / Bank Rejection Reason: UID NEVER ENABLE FOR DBT (Contact your bank to link Aadhaar with Account)\nLand Seeding: YES\t",
        "StateName": "BIHAR",
        "DistrictName": "SHEOHAR",
        "BlockName": "DUMARI KATSARI",
        "CreatedOn": "2023-03-09T08:02:20.13"
      }
]