[
 {
   "RowNumber": 1,
   "CustomerId": 15634602,
   "Surname": "Hargrave",
   "CreditScore": 619,
   "Geography": "Germany",
   "Gender": "Female",
   "Age": 42,
   "Tenure": 2,
   "Balance": 0,
   "NumOfProducts": 1,
   "HasCrCard": 1,
   "IsActiveMember": 1,
   "EstimatedSalary": 101348.88,
   "Exited": 1
 },
 {
   "RowNumber": 2,
   "CustomerId": 15647311,
   "Surname": "Hill",
   "CreditScore": 608,
   "Geography": "Spain",
   "Gender": "Female",
   "Age": 41,
   "Tenure": 1,
   "Balance": 83807.86,
   "NumOfProducts": 1,
   "HasCrCard": 0,
   "IsActiveMember": 1,
   "EstimatedSalary": 112542.58,
   "Exited": 0
 },
 {
   "RowNumber": 3,
   "CustomerId": 15619304,
   "Surname": "Onio",
   "CreditScore": 502,
   "Geography": "France",
   "Gender": "Female",
   "Age": 42,
   "Tenure": 8,
   "Balance": 159660.8,
   "NumOfProducts": 3,
   "HasCrCard": 1,
   "IsActiveMember": 0,
   "EstimatedSalary": 113931.57,
   "Exited": 1
 },
 {
   "RowNumber": 4,
   "CustomerId": 15701354,
   "Surname": "Boni",
   "CreditScore": 699,
   "Geography": "France",
   "Gender": "Female",
   "Age": 39,
   "Tenure": 1,
   "Balance": 0,
   "NumOfProducts": 2,
   "HasCrCard": 0,
   "IsActiveMember": 0,
   "EstimatedSalary": 93826.63,
   "Exited": 0
 },
 {
   "RowNumber": 5,
   "CustomerId": 15737888,
   "Surname": "Mitchell",
   "CreditScore": 850,
   "Geography": "Spain",
   "Gender": "Female",
   "Age": 43,
   "Tenure": 2,
   "Balance": 125510.82,
   "NumOfProducts": 1,
   "HasCrCard": 1,
   "IsActiveMember": 1,
   "EstimatedSalary": 79084.1,
   "Exited": 0
 },
 {
   "RowNumber": 6,
   "CustomerId": 15574012,
   "Surname": "Chu",
   "CreditScore": 645,
   "Geography": "Spain",
   "Gender": "Male",
   "Age": 44,
   "Tenure": 8,
   "Balance": 113755.78,
   "NumOfProducts": 2,
   "HasCrCard": 1,
   "IsActiveMember": 0,
   "EstimatedSalary": 149756.71,
   "Exited": 1
 },
 {
   "RowNumber": 7,
   "CustomerId": 15592531,
   "Surname": "Bartlett",
   "CreditScore": 822,
   "Geography": "France",
   "Gender": "Male",
   "Age": 50,
   "Tenure": 7,
   "Balance": 0,
   "NumOfProducts": 2,
   "HasCrCard": 1,
   "IsActiveMember": 1,
   "EstimatedSalary": 10062.8,
   "Exited": 0
 },
 {
   "RowNumber": 8,
   "CustomerId": 15656148,
   "Surname": "Obinna",
   "CreditScore": 376,
   "Geography": "Germany",
   "Gender": "Female",
   "Age": 29,
   "Tenure": 4,
   "Balance": 115046.74,
   "NumOfProducts": 4,
   "HasCrCard": 1,
   "IsActiveMember": 0,
   "EstimatedSalary": 119346.88,
   "Exited": 1
 },
 {
   "RowNumber": 9,
   "CustomerId": 15792365,
   "Surname": "He",
   "CreditScore": 501,
   "Geography": "France",
   "Gender": "Male",
   "Age": 44,
   "Tenure": 4,
   "Balance": 142051.07,
   "NumOfProducts": 2,
   "HasCrCard": 0,
   "IsActiveMember": 1,
   "EstimatedSalary": 74940.5,
   "Exited": 0
 },
 {
   "RowNumber": 10,
   "CustomerId": 15592389,
   "Surname": "H?",
   "CreditScore": 684,
   "Geography": "France",
   "Gender": "Male",
   "Age": 27,
   "Tenure": 2,
   "Balance": 134603.88,
   "NumOfProducts": 1,
   "HasCrCard": 1,
   "IsActiveMember": 1,
   "EstimatedSalary": 71725.73,
   "Exited": 0
 },
 {
   "RowNumber": 11,
   "CustomerId": 15767821,
   "Surname": "Bearce",
   "CreditScore": 528,
   "Geography": "France",
   "Gender": "Male",
   "Age": 31,
   "Tenure": 6,
   "Balance": 102016.72,
   "NumOfProducts": 2,
   "HasCrCard": 0,
   "IsActiveMember": 0,
   "EstimatedSalary": 80181.12,
   "Exited": 0
 },
 {
   "RowNumber": 12,
   "CustomerId": 15737173,
   "Surname": "Andrews",
   "CreditScore": 497,
   "Geography": "Spain",
   "Gender": "Male",
   "Age": 24,
   "Tenure": 3,
   "Balance": 0,
   "NumOfProducts": 2,
   "HasCrCard": 1,
   "IsActiveMember": 0,
   "EstimatedSalary": 76390.01,
   "Exited": 0
 },
 {
   "RowNumber": 13,
   "CustomerId": 15632264,
   "Surname": "Kay",
   "CreditScore": 476,
   "Geography": "France",
   "Gender": "Female",
   "Age": 34,
   "Tenure": 10,
   "Balance": 0,
   "NumOfProducts": 2,
   "HasCrCard": 1,
   "IsActiveMember": 0,
   "EstimatedSalary": 26260.98,
   "Exited": 0
 },
 {
   "RowNumber": 14,
   "CustomerId": 15691483,
   "Surname": "Chin",
   "CreditScore": 549,
   "Geography": "France",
   "Gender": "Female",
   "Age": 25,
   "Tenure": 5,
   "Balance": 0,
   "NumOfProducts": 2,
   "HasCrCard": 0,
   "IsActiveMember": 0,
   "EstimatedSalary": 190857.79,
   "Exited": 0
 },
 {
   "RowNumber": 15,
   "CustomerId": 15600882,
   "Surname": "Scott",
   "CreditScore": 635,
   "Geography": "Spain",
   "Gender": "Female",
   "Age": 35,
   "Tenure": 7,
   "Balance": 0,
   "NumOfProducts": 2,
   "HasCrCard": 1,
   "IsActiveMember": 1,
   "EstimatedSalary": 65951.65,
   "Exited": 0
 },
 {
   "RowNumber": 16,
   "CustomerId": 15643966,
   "Surname": "Goforth",
   "CreditScore": 616,
   "Geography": "Germany",
   "Gender": "Male",
   "Age": 45,
   "Tenure": 3,
   "Balance": 143129.41,
   "NumOfProducts": 2,
   "HasCrCard": 0,
   "IsActiveMember": 1,
   "EstimatedSalary": 64327.26,
   "Exited": 0
 },
 {
   "RowNumber": 17,
   "CustomerId": 15737452,
   "Surname": "Romeo",
   "CreditScore": 653,
   "Geography": "Germany",
   "Gender": "Male",
   "Age": 58,
   "Tenure": 1,
   "Balance": 132602.88,
   "NumOfProducts": 1,
   "HasCrCard": 1,
   "IsActiveMember": 0,
   "EstimatedSalary": 5097.67,
   "Exited": 1
 },
 {
   "RowNumber": 18,
   "CustomerId": 15788218,
   "Surname": "Henderson",
   "CreditScore": 549,
   "Geography": "Spain",
   "Gender": "Female",
   "Age": 24,
   "Tenure": 9,
   "Balance": 0,
   "NumOfProducts": 2,
   "HasCrCard": 1,
   "IsActiveMember": 1,
   "EstimatedSalary": 14406.41,
   "Exited": 0
 },
 {
   "RowNumber": 19,
   "CustomerId": 15661507,
   "Surname": "Muldrow",
   "CreditScore": 587,
   "Geography": "Spain",
   "Gender": "Male",
   "Age": 45,
   "Tenure": 6,
   "Balance": 0,
   "NumOfProducts": 1,
   "HasCrCard": 0,
   "IsActiveMember": 0,
   "EstimatedSalary": 158684.81,
   "Exited": 0
 },
 {
   "RowNumber": 20,
   "CustomerId": 15568982,
   "Surname": "Hao",
   "CreditScore": 726,
   "Geography": "France",
   "Gender": "Female",
   "Age": 24,
   "Tenure": 6,
   "Balance": 0,
   "NumOfProducts": 2,
   "HasCrCard": 1,
   "IsActiveMember": 1,
   "EstimatedSalary": 54724.03,
   "Exited": 0
 },
 {
   "RowNumber": 21,
   "CustomerId": 15577657,
   "Surname": "McDonald",
   "CreditScore": 732,
   "Geography": "France",
   "Gender": "Male",
   "Age": 41,
   "Tenure": 8,
   "Balance": 0,
   "NumOfProducts": 2,
   "HasCrCard": 1,
   "IsActiveMember": 1,
   "EstimatedSalary": 170886.17,
   "Exited": 0
 },
 {
   "RowNumber": 22,
   "CustomerId": 15597945,
   "Surname": "Dellucci",
   "CreditScore": 636,
   "Geography": "Spain",
   "Gender": "Female",
   "Age": 32,
   "Tenure": 8,
   "Balance": 0,
   "NumOfProducts": 2,
   "HasCrCard": 1,
   "IsActiveMember": 0,
   "EstimatedSalary": 138555.46,
   "Exited": 0
 },
 {
   "RowNumber": 23,
   "CustomerId": 15699309,
   "Surname": "Gerasimov",
   "CreditScore": 510,
   "Geography": "Spain",
   "Gender": "Female",
   "Age": 38,
   "Tenure": 4,
   "Balance": 0,
   "NumOfProducts": 1,
   "HasCrCard": 1,
   "IsActiveMember": 0,
   "EstimatedSalary": 118913.53,
   "Exited": 1
 },
 {
   "RowNumber": 24,
   "CustomerId": 15725737,
   "Surname": "Mosman",
   "CreditScore": 669,
   "Geography": "France",
   "Gender": "Male",
   "Age": 46,
   "Tenure": 3,
   "Balance": 0,
   "NumOfProducts": 2,
   "HasCrCard": 0,
   "IsActiveMember": 1,
   "EstimatedSalary": 8487.75,
   "Exited": 0
 },
 {
   "RowNumber": 25,
   "CustomerId": 15625047,
   "Surname": "Yen",
   "CreditScore": 846,
   "Geography": "France",
   "Gender": "Female",
   "Age": 38,
   "Tenure": 5,
   "Balance": 0,
   "NumOfProducts": 1,
   "HasCrCard": 1,
   "IsActiveMember": 1,
   "EstimatedSalary": 187616.16,
   "Exited": 0
 },
 {
   "RowNumber": 26,
   "CustomerId": 15738191,
   "Surname": "Maclean",
   "CreditScore": 577,
   "Geography": "France",
   "Gender": "Male",
   "Age": 25,
   "Tenure": 3,
   "Balance": 0,
   "NumOfProducts": 2,
   "HasCrCard": 0,
   "IsActiveMember": 1,
   "EstimatedSalary": 124508.29,
   "Exited": 0
 },
 {
   "RowNumber": 27,
   "CustomerId": 15736816,
   "Surname": "Young",
   "CreditScore": 756,
   "Geography": "Germany",
   "Gender": "Male",
   "Age": 36,
   "Tenure": 2,
   "Balance": 136815.64,
   "NumOfProducts": 1,
   "HasCrCard": 1,
   "IsActiveMember": 1,
   "EstimatedSalary": 170041.95,
   "Exited": 0
 },
 {
   "RowNumber": 28,
   "CustomerId": 15700772,
   "Surname": "Nebechi",
   "CreditScore": 571,
   "Geography": "France",
   "Gender": "Male",
   "Age": 44,
   "Tenure": 9,
   "Balance": 0,
   "NumOfProducts": 2,
   "HasCrCard": 0,
   "IsActiveMember": 0,
   "EstimatedSalary": 38433.35,
   "Exited": 0
 },
 {
   "RowNumber": 29,
   "CustomerId": 15728693,
   "Surname": "McWilliams",
   "CreditScore": 574,
   "Geography": "Germany",
   "Gender": "Female",
   "Age": 43,
   "Tenure": 3,
   "Balance": 141349.43,
   "NumOfProducts": 1,
   "HasCrCard": 1,
   "IsActiveMember": 1,
   "EstimatedSalary": 100187.43,
   "Exited": 0
 },
 {
   "RowNumber": 30,
   "CustomerId": 15656300,
   "Surname": "Lucciano",
   "CreditScore": 411,
   "Geography": "France",
   "Gender": "Male",
   "Age": 29,
   "Tenure": 0,
   "Balance": 59697.17,
   "NumOfProducts": 2,
   "HasCrCard": 1,
   "IsActiveMember": 1,
   "EstimatedSalary": 53483.21,
   "Exited": 0
 },
 {
   "RowNumber": 31,
   "CustomerId": 15589475,
   "Surname": "Azikiwe",
   "CreditScore": 591,
   "Geography": "Spain",
   "Gender": "Female",
   "Age": 39,
   "Tenure": 3,
   "Balance": 0,
   "NumOfProducts": 3,
   "HasCrCard": 1,
   "IsActiveMember": 0,
   "EstimatedSalary": 140469.38,
   "Exited": 1
 },
 {
   "RowNumber": 32,
   "CustomerId": 15706552,
   "Surname": "Odinakachukwu",
   "CreditScore": 533,
   "Geography": "France",
   "Gender": "Male",
   "Age": 36,
   "Tenure": 7,
   "Balance": 85311.7,
   "NumOfProducts": 1,
   "HasCrCard": 0,
   "IsActiveMember": 1,
   "EstimatedSalary": 156731.91,
   "Exited": 0
 },
 {
   "RowNumber": 33,
   "CustomerId": 15750181,
   "Surname": "Sanderson",
   "CreditScore": 553,
   "Geography": "Germany",
   "Gender": "Male",
   "Age": 41,
   "Tenure": 9,
   "Balance": 110112.54,
   "NumOfProducts": 2,
   "HasCrCard": 0,
   "IsActiveMember": 0,
   "EstimatedSalary": 81898.81,
   "Exited": 0
 },
 {
   "RowNumber": 34,
   "CustomerId": 15659428,
   "Surname": "Maggard",
   "CreditScore": 520,
   "Geography": "Spain",
   "Gender": "Female",
   "Age": 42,
   "Tenure": 6,
   "Balance": 0,
   "NumOfProducts": 2,
   "HasCrCard": 1,
   "IsActiveMember": 1,
   "EstimatedSalary": 34410.55,
   "Exited": 0
 },
 {
   "RowNumber": 35,
   "CustomerId": 15732963,
   "Surname": "Clements",
   "CreditScore": 722,
   "Geography": "Spain",
   "Gender": "Female",
   "Age": 29,
   "Tenure": 9,
   "Balance": 0,
   "NumOfProducts": 2,
   "HasCrCard": 1,
   "IsActiveMember": 1,
   "EstimatedSalary": 142033.07,
   "Exited": 0
 },
 {
   "RowNumber": 36,
   "CustomerId": 15794171,
   "Surname": "Lombardo",
   "CreditScore": 475,
   "Geography": "France",
   "Gender": "Female",
   "Age": 45,
   "Tenure": 0,
   "Balance": 134264.04,
   "NumOfProducts": 1,
   "HasCrCard": 1,
   "IsActiveMember": 0,
   "EstimatedSalary": 27822.99,
   "Exited": 1
 },
 {
   "RowNumber": 37,
   "CustomerId": 15788448,
   "Surname": "Watson",
   "CreditScore": 490,
   "Geography": "Spain",
   "Gender": "Male",
   "Age": 31,
   "Tenure": 3,
   "Balance": 145260.23,
   "NumOfProducts": 1,
   "HasCrCard": 0,
   "IsActiveMember": 1,
   "EstimatedSalary": 114066.77,
   "Exited": 0
 },
 {
   "RowNumber": 38,
   "CustomerId": 15729599,
   "Surname": "Lorenzo",
   "CreditScore": 804,
   "Geography": "Spain",
   "Gender": "Male",
   "Age": 33,
   "Tenure": 7,
   "Balance": 76548.6,
   "NumOfProducts": 1,
   "HasCrCard": 0,
   "IsActiveMember": 1,
   "EstimatedSalary": 98453.45,
   "Exited": 0
 },
 {
   "RowNumber": 39,
   "CustomerId": 15717426,
   "Surname": "Armstrong",
   "CreditScore": 850,
   "Geography": "France",
   "Gender": "Male",
   "Age": 36,
   "Tenure": 7,
   "Balance": 0,
   "NumOfProducts": 1,
   "HasCrCard": 1,
   "IsActiveMember": 1,
   "EstimatedSalary": 40812.9,
   "Exited": 0
 },
 {
   "RowNumber": 40,
   "CustomerId": 15585768,
   "Surname": "Cameron",
   "CreditScore": 582,
   "Geography": "Germany",
   "Gender": "Male",
   "Age": 41,
   "Tenure": 6,
   "Balance": 70349.48,
   "NumOfProducts": 2,
   "HasCrCard": 0,
   "IsActiveMember": 1,
   "EstimatedSalary": 178074.04,
   "Exited": 0
 },
 {
   "RowNumber": 41,
   "CustomerId": 15619360,
   "Surname": "Hsiao",
   "CreditScore": 472,
   "Geography": "Spain",
   "Gender": "Male",
   "Age": 40,
   "Tenure": 4,
   "Balance": 0,
   "NumOfProducts": 1,
   "HasCrCard": 1,
   "IsActiveMember": 0,
   "EstimatedSalary": 70154.22,
   "Exited": 0
 },
 {
   "RowNumber": 42,
   "CustomerId": 15738148,
   "Surname": "Clarke",
   "CreditScore": 465,
   "Geography": "France",
   "Gender": "Female",
   "Age": 51,
   "Tenure": 8,
   "Balance": 122522.32,
   "NumOfProducts": 1,
   "HasCrCard": 0,
   "IsActiveMember": 0,
   "EstimatedSalary": 181297.65,
   "Exited": 1
 },
 {
   "RowNumber": 43,
   "CustomerId": 15687946,
   "Surname": "Osborne",
   "CreditScore": 556,
   "Geography": "France",
   "Gender": "Female",
   "Age": 61,
   "Tenure": 2,
   "Balance": 117419.35,
   "NumOfProducts": 1,
   "HasCrCard": 1,
   "IsActiveMember": 1,
   "EstimatedSalary": 94153.83,
   "Exited": 0
 },
 {
   "RowNumber": 44,
   "CustomerId": 15755196,
   "Surname": "Lavine",
   "CreditScore": 834,
   "Geography": "France",
   "Gender": "Female",
   "Age": 49,
   "Tenure": 2,
   "Balance": 131394.56,
   "NumOfProducts": 1,
   "HasCrCard": 0,
   "IsActiveMember": 0,
   "EstimatedSalary": 194365.76,
   "Exited": 1
 },
 {
   "RowNumber": 45,
   "CustomerId": 15684171,
   "Surname": "Bianchi",
   "CreditScore": 660,
   "Geography": "Spain",
   "Gender": "Female",
   "Age": 61,
   "Tenure": 5,
   "Balance": 155931.11,
   "NumOfProducts": 1,
   "HasCrCard": 1,
   "IsActiveMember": 1,
   "EstimatedSalary": 158338.39,
   "Exited": 0
 },
 {
   "RowNumber": 46,
   "CustomerId": 15754849,
   "Surname": "Tyler",
   "CreditScore": 776,
   "Geography": "Germany",
   "Gender": "Female",
   "Age": 32,
   "Tenure": 4,
   "Balance": 109421.13,
   "NumOfProducts": 2,
   "HasCrCard": 1,
   "IsActiveMember": 1,
   "EstimatedSalary": 126517.46,
   "Exited": 0
 },
 {
   "RowNumber": 47,
   "CustomerId": 15602280,
   "Surname": "Martin",
   "CreditScore": 829,
   "Geography": "Germany",
   "Gender": "Female",
   "Age": 27,
   "Tenure": 9,
   "Balance": 112045.67,
   "NumOfProducts": 1,
   "HasCrCard": 1,
   "IsActiveMember": 1,
   "EstimatedSalary": 119708.21,
   "Exited": 1
 },
 {
   "RowNumber": 48,
   "CustomerId": 15771573,
   "Surname": "Okagbue",
   "CreditScore": 637,
   "Geography": "Germany",
   "Gender": "Female",
   "Age": 39,
   "Tenure": 9,
   "Balance": 137843.8,
   "NumOfProducts": 1,
   "HasCrCard": 1,
   "IsActiveMember": 1,
   "EstimatedSalary": 117622.8,
   "Exited": 1
 },
 {
   "RowNumber": 49,
   "CustomerId": 15766205,
   "Surname": "Yin",
   "CreditScore": 550,
   "Geography": "Germany",
   "Gender": "Male",
   "Age": 38,
   "Tenure": 2,
   "Balance": 103391.38,
   "NumOfProducts": 1,
   "HasCrCard": 0,
   "IsActiveMember": 1,
   "EstimatedSalary": 90878.13,
   "Exited": 0
 },
 {
   "RowNumber": 50,
   "CustomerId": 15771873,
   "Surname": "Buccho",
   "CreditScore": 776,
   "Geography": "Germany",
   "Gender": "Female",
   "Age": 37,
   "Tenure": 2,
   "Balance": 103769.22,
   "NumOfProducts": 2,
   "HasCrCard": 1,
   "IsActiveMember": 0,
   "EstimatedSalary": 194099.12,
   "Exited": 0
 },
 {
   "RowNumber": 51,
   "CustomerId": 15616550,
   "Surname": "Chidiebele",
   "CreditScore": 698,
   "Geography": "Germany",
   "Gender": "Male",
   "Age": 44,
   "Tenure": 10,
   "Balance": 116363.37,
   "NumOfProducts": 2,
   "HasCrCard": 1,
   "IsActiveMember": 0,
   "EstimatedSalary": 198059.16,
   "Exited": 0
 },
 {
   "RowNumber": 52,
   "CustomerId": 15768193,
   "Surname": "Trevisani",
   "CreditScore": 585,
   "Geography": "Germany",
   "Gender": "Male",
   "Age": 36,
   "Tenure": 5,
   "Balance": 146050.97,
   "NumOfProducts": 2,
   "HasCrCard": 0,
   "IsActiveMember": 0,
   "EstimatedSalary": 86424.57,
   "Exited": 0
 },
 {
   "RowNumber": 53,
   "CustomerId": 15683553,
   "Surname": "O'Brien",
   "CreditScore": 788,
   "Geography": "France",
   "Gender": "Female",
   "Age": 33,
   "Tenure": 5,
   "Balance": 0,
   "NumOfProducts": 2,
   "HasCrCard": 0,
   "IsActiveMember": 0,
   "EstimatedSalary": 116978.19,
   "Exited": 0
 },
 {
   "RowNumber": 54,
   "CustomerId": 15702298,
   "Surname": "Parkhill",
   "CreditScore": 655,
   "Geography": "Germany",
   "Gender": "Male",
   "Age": 41,
   "Tenure": 8,
   "Balance": 125561.97,
   "NumOfProducts": 1,
   "HasCrCard": 0,
   "IsActiveMember": 0,
   "EstimatedSalary": 164040.94,
   "Exited": 1
 },
 {
   "RowNumber": 55,
   "CustomerId": 15569590,
   "Surname": "Yoo",
   "CreditScore": 601,
   "Geography": "Germany",
   "Gender": "Male",
   "Age": 42,
   "Tenure": 1,
   "Balance": 98495.72,
   "NumOfProducts": 1,
   "HasCrCard": 1,
   "IsActiveMember": 0,
   "EstimatedSalary": 40014.76,
   "Exited": 1
 },
 {
   "RowNumber": 56,
   "CustomerId": 15760861,
   "Surname": "Phillipps",
   "CreditScore": 619,
   "Geography": "France",
   "Gender": "Male",
   "Age": 43,
   "Tenure": 1,
   "Balance": 125211.92,
   "NumOfProducts": 1,
   "HasCrCard": 1,
   "IsActiveMember": 1,
   "EstimatedSalary": 113410.49,
   "Exited": 0
 },
 {
   "RowNumber": 57,
   "CustomerId": 15630053,
   "Surname": "Tsao",
   "CreditScore": 656,
   "Geography": "France",
   "Gender": "Male",
   "Age": 45,
   "Tenure": 5,
   "Balance": 127864.4,
   "NumOfProducts": 1,
   "HasCrCard": 1,
   "IsActiveMember": 0,
   "EstimatedSalary": 87107.57,
   "Exited": 0
 },
 {
   "RowNumber": 58,
   "CustomerId": 15647091,
   "Surname": "Endrizzi",
   "CreditScore": 725,
   "Geography": "Germany",
   "Gender": "Male",
   "Age": 19,
   "Tenure": 0,
   "Balance": 75888.2,
   "NumOfProducts": 1,
   "HasCrCard": 0,
   "IsActiveMember": 0,
   "EstimatedSalary": 45613.75,
   "Exited": 0
 },
 {
   "RowNumber": 59,
   "CustomerId": 15623944,
   "Surname": "T'ien",
   "CreditScore": 511,
   "Geography": "Spain",
   "Gender": "Female",
   "Age": 66,
   "Tenure": 4,
   "Balance": 0,
   "NumOfProducts": 1,
   "HasCrCard": 1,
   "IsActiveMember": 0,
   "EstimatedSalary": 1643.11,
   "Exited": 1
 },
 {
   "RowNumber": 60,
   "CustomerId": 15804771,
   "Surname": "Velazquez",
   "CreditScore": 614,
   "Geography": "France",
   "Gender": "Male",
   "Age": 51,
   "Tenure": 4,
   "Balance": 40685.92,
   "NumOfProducts": 1,
   "HasCrCard": 1,
   "IsActiveMember": 1,
   "EstimatedSalary": 46775.28,
   "Exited": 0
 },
 {
   "RowNumber": 61,
   "CustomerId": 15651280,
   "Surname": "Hunter",
   "CreditScore": 742,
   "Geography": "Germany",
   "Gender": "Male",
   "Age": 35,
   "Tenure": 5,
   "Balance": 136857,
   "NumOfProducts": 1,
   "HasCrCard": 0,
   "IsActiveMember": 0,
   "EstimatedSalary": 84509.57,
   "Exited": 0
 },
 {
   "RowNumber": 62,
   "CustomerId": 15773469,
   "Surname": "Clark",
   "CreditScore": 687,
   "Geography": "Germany",
   "Gender": "Female",
   "Age": 27,
   "Tenure": 9,
   "Balance": 152328.88,
   "NumOfProducts": 2,
   "HasCrCard": 0,
   "IsActiveMember": 0,
   "EstimatedSalary": 126494.82,
   "Exited": 0
 },
 {
   "RowNumber": 63,
   "CustomerId": 15702014,
   "Surname": "Jeffrey",
   "CreditScore": 555,
   "Geography": "Spain",
   "Gender": "Male",
   "Age": 33,
   "Tenure": 1,
   "Balance": 56084.69,
   "NumOfProducts": 2,
   "HasCrCard": 0,
   "IsActiveMember": 0,
   "EstimatedSalary": 178798.13,
   "Exited": 0
 },
 {
   "RowNumber": 64,
   "CustomerId": 15751208,
   "Surname": "Pirozzi",
   "CreditScore": 684,
   "Geography": "Spain",
   "Gender": "Male",
   "Age": 56,
   "Tenure": 8,
   "Balance": 78707.16,
   "NumOfProducts": 1,
   "HasCrCard": 1,
   "IsActiveMember": 1,
   "EstimatedSalary": 99398.36,
   "Exited": 0
 },
 {
   "RowNumber": 65,
   "CustomerId": 15592461,
   "Surname": "Jackson",
   "CreditScore": 603,
   "Geography": "Germany",
   "Gender": "Male",
   "Age": 26,
   "Tenure": 4,
   "Balance": 109166.37,
   "NumOfProducts": 1,
   "HasCrCard": 1,
   "IsActiveMember": 1,
   "EstimatedSalary": 92840.67,
   "Exited": 0
 },
 {
   "RowNumber": 66,
   "CustomerId": 15789484,
   "Surname": "Hammond",
   "CreditScore": 751,
   "Geography": "Germany",
   "Gender": "Female",
   "Age": 36,
   "Tenure": 6,
   "Balance": 169831.46,
   "NumOfProducts": 2,
   "HasCrCard": 1,
   "IsActiveMember": 1,
   "EstimatedSalary": 27758.36,
   "Exited": 0
 },
 {
   "RowNumber": 67,
   "CustomerId": 15696061,
   "Surname": "Brownless",
   "CreditScore": 581,
   "Geography": "Germany",
   "Gender": "Female",
   "Age": 34,
   "Tenure": 1,
   "Balance": 101633.04,
   "NumOfProducts": 1,
   "HasCrCard": 1,
   "IsActiveMember": 0,
   "EstimatedSalary": 110431.51,
   "Exited": 0
 },
 {
   "RowNumber": 68,
   "CustomerId": 15641582,
   "Surname": "Chibugo",
   "CreditScore": 735,
   "Geography": "Germany",
   "Gender": "Male",
   "Age": 43,
   "Tenure": 10,
   "Balance": 123180.01,
   "NumOfProducts": 2,
   "HasCrCard": 1,
   "IsActiveMember": 1,
   "EstimatedSalary": 196673.28,
   "Exited": 0
 },
 {
   "RowNumber": 69,
   "CustomerId": 15638424,
   "Surname": "Glauert",
   "CreditScore": 661,
   "Geography": "Germany",
   "Gender": "Female",
   "Age": 35,
   "Tenure": 5,
   "Balance": 150725.53,
   "NumOfProducts": 2,
   "HasCrCard": 0,
   "IsActiveMember": 1,
   "EstimatedSalary": 113656.85,
   "Exited": 0
 },
 {
   "RowNumber": 70,
   "CustomerId": 15755648,
   "Surname": "Pisano",
   "CreditScore": 675,
   "Geography": "France",
   "Gender": "Female",
   "Age": 21,
   "Tenure": 8,
   "Balance": 98373.26,
   "NumOfProducts": 1,
   "HasCrCard": 1,
   "IsActiveMember": 0,
   "EstimatedSalary": 18203,
   "Exited": 0
 },
 {
   "RowNumber": 71,
   "CustomerId": 15703793,
   "Surname": "Konovalova",
   "CreditScore": 738,
   "Geography": "Germany",
   "Gender": "Male",
   "Age": 58,
   "Tenure": 2,
   "Balance": 133745.44,
   "NumOfProducts": 4,
   "HasCrCard": 1,
   "IsActiveMember": 0,
   "EstimatedSalary": 28373.86,
   "Exited": 1
 },
 {
   "RowNumber": 72,
   "CustomerId": 15620344,
   "Surname": "McKee",
   "CreditScore": 813,
   "Geography": "France",
   "Gender": "Male",
   "Age": 29,
   "Tenure": 6,
   "Balance": 0,
   "NumOfProducts": 1,
   "HasCrCard": 1,
   "IsActiveMember": 0,
   "EstimatedSalary": 33953.87,
   "Exited": 0
 },
 {
   "RowNumber": 73,
   "CustomerId": 15812518,
   "Surname": "Palermo",
   "CreditScore": 657,
   "Geography": "Spain",
   "Gender": "Female",
   "Age": 37,
   "Tenure": 0,
   "Balance": 163607.18,
   "NumOfProducts": 1,
   "HasCrCard": 0,
   "IsActiveMember": 1,
   "EstimatedSalary": 44203.55,
   "Exited": 0
 },
 {
   "RowNumber": 74,
   "CustomerId": 15779052,
   "Surname": "Ballard",
   "CreditScore": 604,
   "Geography": "Germany",
   "Gender": "Female",
   "Age": 25,
   "Tenure": 5,
   "Balance": 157780.84,
   "NumOfProducts": 2,
   "HasCrCard": 1,
   "IsActiveMember": 1,
   "EstimatedSalary": 58426.81,
   "Exited": 0
 },
 {
   "RowNumber": 75,
   "CustomerId": 15770811,
   "Surname": "Wallace",
   "CreditScore": 519,
   "Geography": "France",
   "Gender": "Male",
   "Age": 36,
   "Tenure": 9,
   "Balance": 0,
   "NumOfProducts": 2,
   "HasCrCard": 0,
   "IsActiveMember": 1,
   "EstimatedSalary": 145562.4,
   "Exited": 0
 },
 {
   "RowNumber": 76,
   "CustomerId": 15780961,
   "Surname": "Cavenagh",
   "CreditScore": 735,
   "Geography": "France",
   "Gender": "Female",
   "Age": 21,
   "Tenure": 1,
   "Balance": 178718.19,
   "NumOfProducts": 2,
   "HasCrCard": 1,
   "IsActiveMember": 0,
   "EstimatedSalary": 22388,
   "Exited": 0
 },
 {
   "RowNumber": 77,
   "CustomerId": 15614049,
   "Surname": "Hu",
   "CreditScore": 664,
   "Geography": "France",
   "Gender": "Male",
   "Age": 55,
   "Tenure": 8,
   "Balance": 0,
   "NumOfProducts": 2,
   "HasCrCard": 1,
   "IsActiveMember": 1,
   "EstimatedSalary": 139161.64,
   "Exited": 0
 },
 {
   "RowNumber": 78,
   "CustomerId": 15662085,
   "Surname": "Read",
   "CreditScore": 678,
   "Geography": "France",
   "Gender": "Female",
   "Age": 32,
   "Tenure": 9,
   "Balance": 0,
   "NumOfProducts": 1,
   "HasCrCard": 1,
   "IsActiveMember": 1,
   "EstimatedSalary": 148210.64,
   "Exited": 0
 },
 {
   "RowNumber": 79,
   "CustomerId": 15575185,
   "Surname": "Bushell",
   "CreditScore": 757,
   "Geography": "Spain",
   "Gender": "Male",
   "Age": 33,
   "Tenure": 5,
   "Balance": 77253.22,
   "NumOfProducts": 1,
   "HasCrCard": 0,
   "IsActiveMember": 1,
   "EstimatedSalary": 194239.63,
   "Exited": 0
 },
 {
   "RowNumber": 80,
   "CustomerId": 15803136,
   "Surname": "Postle",
   "CreditScore": 416,
   "Geography": "Germany",
   "Gender": "Female",
   "Age": 41,
   "Tenure": 10,
   "Balance": 122189.66,
   "NumOfProducts": 2,
   "HasCrCard": 1,
   "IsActiveMember": 0,
   "EstimatedSalary": 98301.61,
   "Exited": 0
 },
 {
   "RowNumber": 81,
   "CustomerId": 15706021,
   "Surname": "Buley",
   "CreditScore": 665,
   "Geography": "France",
   "Gender": "Female",
   "Age": 34,
   "Tenure": 1,
   "Balance": 96645.54,
   "NumOfProducts": 2,
   "HasCrCard": 0,
   "IsActiveMember": 0,
   "EstimatedSalary": 171413.66,
   "Exited": 0
 },
 {
   "RowNumber": 82,
   "CustomerId": 15663706,
   "Surname": "Leonard",
   "CreditScore": 777,
   "Geography": "France",
   "Gender": "Female",
   "Age": 32,
   "Tenure": 2,
   "Balance": 0,
   "NumOfProducts": 1,
   "HasCrCard": 1,
   "IsActiveMember": 0,
   "EstimatedSalary": 136458.19,
   "Exited": 1
 },
 {
   "RowNumber": 83,
   "CustomerId": 15641732,
   "Surname": "Mills",
   "CreditScore": 543,
   "Geography": "France",
   "Gender": "Female",
   "Age": 36,
   "Tenure": 3,
   "Balance": 0,
   "NumOfProducts": 2,
   "HasCrCard": 0,
   "IsActiveMember": 0,
   "EstimatedSalary": 26019.59,
   "Exited": 0
 },
 {
   "RowNumber": 84,
   "CustomerId": 15701164,
   "Surname": "Onyeorulu",
   "CreditScore": 506,
   "Geography": "France",
   "Gender": "Female",
   "Age": 34,
   "Tenure": 4,
   "Balance": 90307.62,
   "NumOfProducts": 1,
   "HasCrCard": 1,
   "IsActiveMember": 1,
   "EstimatedSalary": 159235.29,
   "Exited": 0
 },
 {
   "RowNumber": 85,
   "CustomerId": 15738751,
   "Surname": "Beit",
   "CreditScore": 493,
   "Geography": "France",
   "Gender": "Female",
   "Age": 46,
   "Tenure": 4,
   "Balance": 0,
   "NumOfProducts": 2,
   "HasCrCard": 1,
   "IsActiveMember": 0,
   "EstimatedSalary": 1907.66,
   "Exited": 0
 },
 {
   "RowNumber": 86,
   "CustomerId": 15805254,
   "Surname": "Ndukaku",
   "CreditScore": 652,
   "Geography": "Spain",
   "Gender": "Female",
   "Age": 75,
   "Tenure": 10,
   "Balance": 0,
   "NumOfProducts": 2,
   "HasCrCard": 1,
   "IsActiveMember": 1,
   "EstimatedSalary": 114675.75,
   "Exited": 0
 },
 {
   "RowNumber": 87,
   "CustomerId": 15762418,
   "Surname": "Gant",
   "CreditScore": 750,
   "Geography": "Spain",
   "Gender": "Male",
   "Age": 22,
   "Tenure": 3,
   "Balance": 121681.82,
   "NumOfProducts": 1,
   "HasCrCard": 1,
   "IsActiveMember": 0,
   "EstimatedSalary": 128643.35,
   "Exited": 1
 },
 {
   "RowNumber": 88,
   "CustomerId": 15625759,
   "Surname": "Rowley",
   "CreditScore": 729,
   "Geography": "France",
   "Gender": "Male",
   "Age": 30,
   "Tenure": 9,
   "Balance": 0,
   "NumOfProducts": 2,
   "HasCrCard": 1,
   "IsActiveMember": 0,
   "EstimatedSalary": 151869.35,
   "Exited": 0
 },
 {
   "RowNumber": 89,
   "CustomerId": 15622897,
   "Surname": "Sharpe",
   "CreditScore": 646,
   "Geography": "France",
   "Gender": "Female",
   "Age": 46,
   "Tenure": 4,
   "Balance": 0,
   "NumOfProducts": 3,
   "HasCrCard": 1,
   "IsActiveMember": 0,
   "EstimatedSalary": 93251.42,
   "Exited": 1
 },
 {
   "RowNumber": 90,
   "CustomerId": 15767954,
   "Surname": "Osborne",
   "CreditScore": 635,
   "Geography": "Germany",
   "Gender": "Female",
   "Age": 28,
   "Tenure": 3,
   "Balance": 81623.67,
   "NumOfProducts": 2,
   "HasCrCard": 1,
   "IsActiveMember": 1,
   "EstimatedSalary": 156791.36,
   "Exited": 0
 },
 {
   "RowNumber": 91,
   "CustomerId": 15757535,
   "Surname": "Heap",
   "CreditScore": 647,
   "Geography": "Spain",
   "Gender": "Female",
   "Age": 44,
   "Tenure": 5,
   "Balance": 0,
   "NumOfProducts": 3,
   "HasCrCard": 1,
   "IsActiveMember": 1,
   "EstimatedSalary": 174205.22,
   "Exited": 1
 },
 {
   "RowNumber": 92,
   "CustomerId": 15731511,
   "Surname": "Ritchie",
   "CreditScore": 808,
   "Geography": "France",
   "Gender": "Male",
   "Age": 45,
   "Tenure": 7,
   "Balance": 118626.55,
   "NumOfProducts": 2,
   "HasCrCard": 1,
   "IsActiveMember": 0,
   "EstimatedSalary": 147132.46,
   "Exited": 0
 },
 {
   "RowNumber": 93,
   "CustomerId": 15809248,
   "Surname": "Cole",
   "CreditScore": 524,
   "Geography": "France",
   "Gender": "Female",
   "Age": 36,
   "Tenure": 10,
   "Balance": 0,
   "NumOfProducts": 2,
   "HasCrCard": 1,
   "IsActiveMember": 0,
   "EstimatedSalary": 109614.57,
   "Exited": 0
 },
 {
   "RowNumber": 94,
   "CustomerId": 15640635,
   "Surname": "Capon",
   "CreditScore": 769,
   "Geography": "France",
   "Gender": "Male",
   "Age": 29,
   "Tenure": 8,
   "Balance": 0,
   "NumOfProducts": 2,
   "HasCrCard": 1,
   "IsActiveMember": 1,
   "EstimatedSalary": 172290.61,
   "Exited": 0
 },
 {
   "RowNumber": 95,
   "CustomerId": 15676966,
   "Surname": "Capon",
   "CreditScore": 730,
   "Geography": "Spain",
   "Gender": "Male",
   "Age": 42,
   "Tenure": 4,
   "Balance": 0,
   "NumOfProducts": 2,
   "HasCrCard": 0,
   "IsActiveMember": 1,
   "EstimatedSalary": 85982.47,
   "Exited": 0
 },
 {
   "RowNumber": 96,
   "CustomerId": 15699461,
   "Surname": "Fiorentini",
   "CreditScore": 515,
   "Geography": "Spain",
   "Gender": "Male",
   "Age": 35,
   "Tenure": 10,
   "Balance": 176273.95,
   "NumOfProducts": 1,
   "HasCrCard": 0,
   "IsActiveMember": 1,
   "EstimatedSalary": 121277.78,
   "Exited": 0
 },
 {
   "RowNumber": 97,
   "CustomerId": 15738721,
   "Surname": "Graham",
   "CreditScore": 773,
   "Geography": "Spain",
   "Gender": "Male",
   "Age": 41,
   "Tenure": 9,
   "Balance": 102827.44,
   "NumOfProducts": 1,
   "HasCrCard": 0,
   "IsActiveMember": 1,
   "EstimatedSalary": 64595.25,
   "Exited": 0
 },
 {
   "RowNumber": 98,
   "CustomerId": 15693683,
   "Surname": "Yuille",
   "CreditScore": 814,
   "Geography": "Germany",
   "Gender": "Male",
   "Age": 29,
   "Tenure": 8,
   "Balance": 97086.4,
   "NumOfProducts": 2,
   "HasCrCard": 1,
   "IsActiveMember": 1,
   "EstimatedSalary": 197276.13,
   "Exited": 0
 },
 {
   "RowNumber": 99,
   "CustomerId": 15604348,
   "Surname": "Allard",
   "CreditScore": 710,
   "Geography": "Spain",
   "Gender": "Male",
   "Age": 22,
   "Tenure": 8,
   "Balance": 0,
   "NumOfProducts": 2,
   "HasCrCard": 0,
   "IsActiveMember": 0,
   "EstimatedSalary": 99645.04,
   "Exited": 0
 },
 {
   "RowNumber": 100,
   "CustomerId": 15633059,
   "Surname": "Fanucci",
   "CreditScore": 413,
   "Geography": "France",
   "Gender": "Male",
   "Age": 34,
   "Tenure": 9,
   "Balance": 0,
   "NumOfProducts": 2,
   "HasCrCard": 0,
   "IsActiveMember": 0,
   "EstimatedSalary": 6534.18,
   "Exited": 0
 },
 {
   "RowNumber": 101,
   "CustomerId": 15808582,
   "Surname": "Fu",
   "CreditScore": 665,
   "Geography": "France",
   "Gender": "Female",
   "Age": 40,
   "Tenure": 6,
   "Balance": 0,
   "NumOfProducts": 1,
   "HasCrCard": 1,
   "IsActiveMember": 1,
   "EstimatedSalary": 161848.03,
   "Exited": 0
 },
 {
   "RowNumber": 102,
   "CustomerId": 15743192,
   "Surname": "Hung",
   "CreditScore": 623,
   "Geography": "France",
   "Gender": "Female",
   "Age": 44,
   "Tenure": 6,
   "Balance": 0,
   "NumOfProducts": 2,
   "HasCrCard": 0,
   "IsActiveMember": 0,
   "EstimatedSalary": 167162.43,
   "Exited": 0
 },
 {
   "RowNumber": 103,
   "CustomerId": 15580146,
   "Surname": "Hung",
   "CreditScore": 738,
   "Geography": "France",
   "Gender": "Male",
   "Age": 31,
   "Tenure": 9,
   "Balance": 82674.15,
   "NumOfProducts": 1,
   "HasCrCard": 1,
   "IsActiveMember": 0,
   "EstimatedSalary": 41970.72,
   "Exited": 0
 },
 {
   "RowNumber": 104,
   "CustomerId": 15776605,
   "Surname": "Bradley",
   "CreditScore": 528,
   "Geography": "Spain",
   "Gender": "Male",
   "Age": 36,
   "Tenure": 7,
   "Balance": 0,
   "NumOfProducts": 2,
   "HasCrCard": 1,
   "IsActiveMember": 0,
   "EstimatedSalary": 60536.56,
   "Exited": 0
 },
 {
   "RowNumber": 105,
   "CustomerId": 15804919,
   "Surname": "Dunbabin",
   "CreditScore": 670,
   "Geography": "Spain",
   "Gender": "Female",
   "Age": 65,
   "Tenure": 1,
   "Balance": 0,
   "NumOfProducts": 1,
   "HasCrCard": 1,
   "IsActiveMember": 1,
   "EstimatedSalary": 177655.68,
   "Exited": 1
 },
 {
   "RowNumber": 106,
   "CustomerId": 15613854,
   "Surname": "Mauldon",
   "CreditScore": 622,
   "Geography": "Spain",
   "Gender": "Female",
   "Age": 46,
   "Tenure": 4,
   "Balance": 107073.27,
   "NumOfProducts": 2,
   "HasCrCard": 1,
   "IsActiveMember": 1,
   "EstimatedSalary": 30984.59,
   "Exited": 1
 },
 {
   "RowNumber": 107,
   "CustomerId": 15599195,
   "Surname": "Stiger",
   "CreditScore": 582,
   "Geography": "Germany",
   "Gender": "Male",
   "Age": 32,
   "Tenure": 1,
   "Balance": 88938.62,
   "NumOfProducts": 1,
   "HasCrCard": 1,
   "IsActiveMember": 1,
   "EstimatedSalary": 10054.53,
   "Exited": 0
 },
 {
   "RowNumber": 108,
   "CustomerId": 15812878,
   "Surname": "Parsons",
   "CreditScore": 785,
   "Geography": "Germany",
   "Gender": "Female",
   "Age": 36,
   "Tenure": 2,
   "Balance": 99806.85,
   "NumOfProducts": 1,
   "HasCrCard": 0,
   "IsActiveMember": 1,
   "EstimatedSalary": 36976.52,
   "Exited": 0
 },
 {
   "RowNumber": 109,
   "CustomerId": 15602312,
   "Surname": "Walkom",
   "CreditScore": 605,
   "Geography": "Spain",
   "Gender": "Male",
   "Age": 33,
   "Tenure": 5,
   "Balance": 150092.8,
   "NumOfProducts": 1,
   "HasCrCard": 0,
   "IsActiveMember": 0,
   "EstimatedSalary": 71862.79,
   "Exited": 0
 },
 {
   "RowNumber": 110,
   "CustomerId": 15744689,
   "Surname": "T'ang",
   "CreditScore": 479,
   "Geography": "Germany",
   "Gender": "Male",
   "Age": 35,
   "Tenure": 9,
   "Balance": 92833.89,
   "NumOfProducts": 1,
   "HasCrCard": 1,
   "IsActiveMember": 0,
   "EstimatedSalary": 99449.86,
   "Exited": 1
 },
 {
   "RowNumber": 111,
   "CustomerId": 15803526,
   "Surname": "Eremenko",
   "CreditScore": 685,
   "Geography": "Germany",
   "Gender": "Male",
   "Age": 30,
   "Tenure": 3,
   "Balance": 90536.81,
   "NumOfProducts": 1,
   "HasCrCard": 0,
   "IsActiveMember": 1,
   "EstimatedSalary": 63082.88,
   "Exited": 0
 },
 {
   "RowNumber": 112,
   "CustomerId": 15665790,
   "Surname": "Rowntree",
   "CreditScore": 538,
   "Geography": "Germany",
   "Gender": "Male",
   "Age": 39,
   "Tenure": 7,
   "Balance": 108055.1,
   "NumOfProducts": 2,
   "HasCrCard": 1,
   "IsActiveMember": 0,
   "EstimatedSalary": 27231.26,
   "Exited": 0
 },
 {
   "RowNumber": 113,
   "CustomerId": 15715951,
   "Surname": "Thorpe",
   "CreditScore": 562,
   "Geography": "France",
   "Gender": "Male",
   "Age": 42,
   "Tenure": 2,
   "Balance": 100238.35,
   "NumOfProducts": 1,
   "HasCrCard": 0,
   "IsActiveMember": 0,
   "EstimatedSalary": 86797.41,
   "Exited": 0
 },
 {
   "RowNumber": 114,
   "CustomerId": 15591100,
   "Surname": "Chiemela",
   "CreditScore": 675,
   "Geography": "Spain",
   "Gender": "Male",
   "Age": 36,
   "Tenure": 9,
   "Balance": 106190.55,
   "NumOfProducts": 1,
   "HasCrCard": 0,
   "IsActiveMember": 1,
   "EstimatedSalary": 22994.32,
   "Exited": 0
 },
 {
   "RowNumber": 115,
   "CustomerId": 15609618,
   "Surname": "Fanucci",
   "CreditScore": 721,
   "Geography": "Germany",
   "Gender": "Male",
   "Age": 28,
   "Tenure": 9,
   "Balance": 154475.54,
   "NumOfProducts": 2,
   "HasCrCard": 0,
   "IsActiveMember": 1,
   "EstimatedSalary": 101300.94,
   "Exited": 1
 },
 {
   "RowNumber": 116,
   "CustomerId": 15675522,
   "Surname": "Ko",
   "CreditScore": 628,
   "Geography": "Germany",
   "Gender": "Female",
   "Age": 30,
   "Tenure": 9,
   "Balance": 132351.29,
   "NumOfProducts": 2,
   "HasCrCard": 1,
   "IsActiveMember": 1,
   "EstimatedSalary": 74169.13,
   "Exited": 0
 },
 {
   "RowNumber": 117,
   "CustomerId": 15705512,
   "Surname": "Welch",
   "CreditScore": 668,
   "Geography": "Germany",
   "Gender": "Female",
   "Age": 37,
   "Tenure": 6,
   "Balance": 167864.4,
   "NumOfProducts": 1,
   "HasCrCard": 1,
   "IsActiveMember": 0,
   "EstimatedSalary": 115638.29,
   "Exited": 0
 },
 {
   "RowNumber": 118,
   "CustomerId": 15698028,
   "Surname": "Duncan",
   "CreditScore": 506,
   "Geography": "France",
   "Gender": "Female",
   "Age": 41,
   "Tenure": 1,
   "Balance": 0,
   "NumOfProducts": 2,
   "HasCrCard": 1,
   "IsActiveMember": 0,
   "EstimatedSalary": 31766.3,
   "Exited": 0
 },
 {
   "RowNumber": 119,
   "CustomerId": 15661670,
   "Surname": "Chidozie",
   "CreditScore": 524,
   "Geography": "Germany",
   "Gender": "Female",
   "Age": 31,
   "Tenure": 8,
   "Balance": 107818.63,
   "NumOfProducts": 1,
   "HasCrCard": 1,
   "IsActiveMember": 0,
   "EstimatedSalary": 199725.39,
   "Exited": 1
 },
 {
   "RowNumber": 120,
   "CustomerId": 15600781,
   "Surname": "Wu",
   "CreditScore": 699,
   "Geography": "Germany",
   "Gender": "Male",
   "Age": 34,
   "Tenure": 4,
   "Balance": 185173.81,
   "NumOfProducts": 2,
   "HasCrCard": 1,
   "IsActiveMember": 0,
   "EstimatedSalary": 120834.48,
   "Exited": 0
 },
 {
   "RowNumber": 121,
   "CustomerId": 15682472,
   "Surname": "Culbreth",
   "CreditScore": 828,
   "Geography": "France",
   "Gender": "Male",
   "Age": 34,
   "Tenure": 8,
   "Balance": 129433.34,
   "NumOfProducts": 2,
   "HasCrCard": 0,
   "IsActiveMember": 0,
   "EstimatedSalary": 38131.77,
   "Exited": 0
 },
 {
   "RowNumber": 122,
   "CustomerId": 15580203,
   "Surname": "Kennedy",
   "CreditScore": 674,
   "Geography": "Spain",
   "Gender": "Male",
   "Age": 39,
   "Tenure": 6,
   "Balance": 120193.42,
   "NumOfProducts": 1,
   "HasCrCard": 0,
   "IsActiveMember": 0,
   "EstimatedSalary": 100130.95,
   "Exited": 0
 },
 {
   "RowNumber": 123,
   "CustomerId": 15690673,
   "Surname": "Cameron",
   "CreditScore": 656,
   "Geography": "France",
   "Gender": "Female",
   "Age": 39,
   "Tenure": 6,
   "Balance": 0,
   "NumOfProducts": 2,
   "HasCrCard": 1,
   "IsActiveMember": 0,
   "EstimatedSalary": 141069.88,
   "Exited": 0
 },
 {
   "RowNumber": 124,
   "CustomerId": 15760085,
   "Surname": "Calabresi",
   "CreditScore": 684,
   "Geography": "Germany",
   "Gender": "Female",
   "Age": 48,
   "Tenure": 10,
   "Balance": 126384.42,
   "NumOfProducts": 1,
   "HasCrCard": 1,
   "IsActiveMember": 1,
   "EstimatedSalary": 198129.36,
   "Exited": 0
 },
 {
   "RowNumber": 125,
   "CustomerId": 15779659,
   "Surname": "Zetticci",
   "CreditScore": 625,
   "Geography": "France",
   "Gender": "Female",
   "Age": 28,
   "Tenure": 3,
   "Balance": 0,
   "NumOfProducts": 1,
   "HasCrCard": 0,
   "IsActiveMember": 0,
   "EstimatedSalary": 183646.41,
   "Exited": 0
 },
 {
   "RowNumber": 126,
   "CustomerId": 15627360,
   "Surname": "Fuller",
   "CreditScore": 432,
   "Geography": "France",
   "Gender": "Male",
   "Age": 42,
   "Tenure": 9,
   "Balance": 152603.45,
   "NumOfProducts": 1,
   "HasCrCard": 1,
   "IsActiveMember": 0,
   "EstimatedSalary": 110265.24,
   "Exited": 1
 },
 {
   "RowNumber": 127,
   "CustomerId": 15671137,
   "Surname": "MacDonald",
   "CreditScore": 549,
   "Geography": "France",
   "Gender": "Female",
   "Age": 52,
   "Tenure": 1,
   "Balance": 0,
   "NumOfProducts": 1,
   "HasCrCard": 0,
   "IsActiveMember": 1,
   "EstimatedSalary": 8636.05,
   "Exited": 1
 },
 {
   "RowNumber": 128,
   "CustomerId": 15782688,
   "Surname": "Piccio",
   "CreditScore": 625,
   "Geography": "Germany",
   "Gender": "Male",
   "Age": 56,
   "Tenure": 0,
   "Balance": 148507.24,
   "NumOfProducts": 1,
   "HasCrCard": 1,
   "IsActiveMember": 0,
   "EstimatedSalary": 46824.08,
   "Exited": 1
 },
 {
   "RowNumber": 129,
   "CustomerId": 15575492,
   "Surname": "Kennedy",
   "CreditScore": 828,
   "Geography": "France",
   "Gender": "Female",
   "Age": 41,
   "Tenure": 7,
   "Balance": 0,
   "NumOfProducts": 2,
   "HasCrCard": 1,
   "IsActiveMember": 0,
   "EstimatedSalary": 171378.77,
   "Exited": 0
 },
 {
   "RowNumber": 130,
   "CustomerId": 15591607,
   "Surname": "Fernie",
   "CreditScore": 770,
   "Geography": "France",
   "Gender": "Male",
   "Age": 24,
   "Tenure": 9,
   "Balance": 101827.07,
   "NumOfProducts": 1,
   "HasCrCard": 1,
   "IsActiveMember": 0,
   "EstimatedSalary": 167256.35,
   "Exited": 0
 },
 {
   "RowNumber": 131,
   "CustomerId": 15740404,
   "Surname": "He",
   "CreditScore": 758,
   "Geography": "France",
   "Gender": "Female",
   "Age": 34,
   "Tenure": 3,
   "Balance": 0,
   "NumOfProducts": 2,
   "HasCrCard": 1,
   "IsActiveMember": 1,
   "EstimatedSalary": 124226.16,
   "Exited": 0
 },
 {
   "RowNumber": 132,
   "CustomerId": 15718369,
   "Surname": "Kaodilinakachukwu",
   "CreditScore": 795,
   "Geography": "Germany",
   "Gender": "Female",
   "Age": 33,
   "Tenure": 9,
   "Balance": 130862.43,
   "NumOfProducts": 1,
   "HasCrCard": 1,
   "IsActiveMember": 1,
   "EstimatedSalary": 114935.21,
   "Exited": 0
 },
 {
   "RowNumber": 133,
   "CustomerId": 15677871,
   "Surname": "Cocci",
   "CreditScore": 687,
   "Geography": "France",
   "Gender": "Male",
   "Age": 38,
   "Tenure": 9,
   "Balance": 122570.87,
   "NumOfProducts": 1,
   "HasCrCard": 1,
   "IsActiveMember": 1,
   "EstimatedSalary": 35608.88,
   "Exited": 0
 },
 {
   "RowNumber": 134,
   "CustomerId": 15642004,
   "Surname": "Alekseeva",
   "CreditScore": 686,
   "Geography": "France",
   "Gender": "Male",
   "Age": 25,
   "Tenure": 1,
   "Balance": 0,
   "NumOfProducts": 2,
   "HasCrCard": 0,
   "IsActiveMember": 1,
   "EstimatedSalary": 16459.37,
   "Exited": 0
 },
 {
   "RowNumber": 135,
   "CustomerId": 15712543,
   "Surname": "Chinweike",
   "CreditScore": 789,
   "Geography": "Germany",
   "Gender": "Male",
   "Age": 39,
   "Tenure": 7,
   "Balance": 124828.46,
   "NumOfProducts": 2,
   "HasCrCard": 1,
   "IsActiveMember": 1,
   "EstimatedSalary": 124411.08,
   "Exited": 0
 },
 {
   "RowNumber": 136,
   "CustomerId": 15584518,
   "Surname": "Arthur",
   "CreditScore": 589,
   "Geography": "Germany",
   "Gender": "Female",
   "Age": 50,
   "Tenure": 5,
   "Balance": 144895.05,
   "NumOfProducts": 2,
   "HasCrCard": 1,
   "IsActiveMember": 1,
   "EstimatedSalary": 34941.23,
   "Exited": 0
 },
 {
   "RowNumber": 137,
   "CustomerId": 15802381,
   "Surname": "Li",
   "CreditScore": 461,
   "Geography": "Germany",
   "Gender": "Female",
   "Age": 34,
   "Tenure": 5,
   "Balance": 63663.93,
   "NumOfProducts": 1,
   "HasCrCard": 0,
   "IsActiveMember": 1,
   "EstimatedSalary": 167784.28,
   "Exited": 0
 },
 {
   "RowNumber": 138,
   "CustomerId": 15610156,
   "Surname": "Ma",
   "CreditScore": 637,
   "Geography": "France",
   "Gender": "Male",
   "Age": 40,
   "Tenure": 2,
   "Balance": 133463.1,
   "NumOfProducts": 1,
   "HasCrCard": 0,
   "IsActiveMember": 1,
   "EstimatedSalary": 93165.34,
   "Exited": 0
 },
 {
   "RowNumber": 139,
   "CustomerId": 15594408,
   "Surname": "Chia",
   "CreditScore": 584,
   "Geography": "Spain",
   "Gender": "Female",
   "Age": 48,
   "Tenure": 2,
   "Balance": 213146.2,
   "NumOfProducts": 1,
   "HasCrCard": 1,
   "IsActiveMember": 0,
   "EstimatedSalary": 75161.25,
   "Exited": 1
 },
 {
   "RowNumber": 140,
   "CustomerId": 15640905,
   "Surname": "Vasin",
   "CreditScore": 579,
   "Geography": "Spain",
   "Gender": "Female",
   "Age": 35,
   "Tenure": 1,
   "Balance": 129490.36,
   "NumOfProducts": 2,
   "HasCrCard": 0,
   "IsActiveMember": 1,
   "EstimatedSalary": 8590.83,
   "Exited": 1
 },
 {
   "RowNumber": 141,
   "CustomerId": 15698932,
   "Surname": "Groves",
   "CreditScore": 756,
   "Geography": "Germany",
   "Gender": "Male",
   "Age": 44,
   "Tenure": 10,
   "Balance": 137452.09,
   "NumOfProducts": 1,
   "HasCrCard": 1,
   "IsActiveMember": 0,
   "EstimatedSalary": 189543.9,
   "Exited": 0
 },
 {
   "RowNumber": 142,
   "CustomerId": 15724944,
   "Surname": "Tien",
   "CreditScore": 663,
   "Geography": "France",
   "Gender": "Male",
   "Age": 34,
   "Tenure": 7,
   "Balance": 0,
   "NumOfProducts": 2,
   "HasCrCard": 1,
   "IsActiveMember": 1,
   "EstimatedSalary": 180427.24,
   "Exited": 0
 },
 {
   "RowNumber": 143,
   "CustomerId": 15628145,
   "Surname": "Forwood",
   "CreditScore": 682,
   "Geography": "France",
   "Gender": "Female",
   "Age": 43,
   "Tenure": 5,
   "Balance": 125851.93,
   "NumOfProducts": 1,
   "HasCrCard": 1,
   "IsActiveMember": 1,
   "EstimatedSalary": 193318.33,
   "Exited": 0
 },
 {
   "RowNumber": 144,
   "CustomerId": 15713483,
   "Surname": "Greeves",
   "CreditScore": 793,
   "Geography": "Spain",
   "Gender": "Male",
   "Age": 52,
   "Tenure": 2,
   "Balance": 0,
   "NumOfProducts": 1,
   "HasCrCard": 1,
   "IsActiveMember": 0,
   "EstimatedSalary": 159123.82,
   "Exited": 1
 },
 {
   "RowNumber": 145,
   "CustomerId": 15612350,
   "Surname": "Taylor",
   "CreditScore": 691,
   "Geography": "France",
   "Gender": "Female",
   "Age": 31,
   "Tenure": 5,
   "Balance": 40915.55,
   "NumOfProducts": 1,
   "HasCrCard": 1,
   "IsActiveMember": 0,
   "EstimatedSalary": 126213.84,
   "Exited": 1
 },
 {
   "RowNumber": 146,
   "CustomerId": 15800703,
   "Surname": "Madukwe",
   "CreditScore": 485,
   "Geography": "Spain",
   "Gender": "Female",
   "Age": 21,
   "Tenure": 5,
   "Balance": 113157.22,
   "NumOfProducts": 1,
   "HasCrCard": 1,
   "IsActiveMember": 1,
   "EstimatedSalary": 54141.5,
   "Exited": 0
 },
 {
   "RowNumber": 147,
   "CustomerId": 15705707,
   "Surname": "Bennelong",
   "CreditScore": 635,
   "Geography": "Spain",
   "Gender": "Female",
   "Age": 29,
   "Tenure": 8,
   "Balance": 138296.94,
   "NumOfProducts": 2,
   "HasCrCard": 1,
   "IsActiveMember": 0,
   "EstimatedSalary": 141075.51,
   "Exited": 0
 },
 {
   "RowNumber": 148,
   "CustomerId": 15754105,
   "Surname": "Olisanugo",
   "CreditScore": 650,
   "Geography": "France",
   "Gender": "Male",
   "Age": 37,
   "Tenure": 5,
   "Balance": 106967.18,
   "NumOfProducts": 1,
   "HasCrCard": 0,
   "IsActiveMember": 0,
   "EstimatedSalary": 24495.03,
   "Exited": 0
 },
 {
   "RowNumber": 149,
   "CustomerId": 15703264,
   "Surname": "Chukwufumnanya",
   "CreditScore": 735,
   "Geography": "France",
   "Gender": "Male",
   "Age": 44,
   "Tenure": 9,
   "Balance": 120681.63,
   "NumOfProducts": 1,
   "HasCrCard": 1,
   "IsActiveMember": 0,
   "EstimatedSalary": 74836.34,
   "Exited": 0
 },
 {
   "RowNumber": 150,
   "CustomerId": 15794413,
   "Surname": "Harris",
   "CreditScore": 416,
   "Geography": "France",
   "Gender": "Male",
   "Age": 32,
   "Tenure": 0,
   "Balance": 0,
   "NumOfProducts": 2,
   "HasCrCard": 0,
   "IsActiveMember": 1,
   "EstimatedSalary": 878.87,
   "Exited": 0
 },
 {
   "RowNumber": 151,
   "CustomerId": 15650237,
   "Surname": "Morgan",
   "CreditScore": 754,
   "Geography": "Spain",
   "Gender": "Female",
   "Age": 32,
   "Tenure": 7,
   "Balance": 0,
   "NumOfProducts": 2,
   "HasCrCard": 1,
   "IsActiveMember": 0,
   "EstimatedSalary": 89520.75,
   "Exited": 0
 },
 {
   "RowNumber": 152,
   "CustomerId": 15759618,
   "Surname": "Alexeeva",
   "CreditScore": 535,
   "Geography": "France",
   "Gender": "Female",
   "Age": 48,
   "Tenure": 9,
   "Balance": 0,
   "NumOfProducts": 1,
   "HasCrCard": 1,
   "IsActiveMember": 0,
   "EstimatedSalary": 149892.79,
   "Exited": 1
 },
 {
   "RowNumber": 153,
   "CustomerId": 15811589,
   "Surname": "Metcalfe",
   "CreditScore": 716,
   "Geography": "Spain",
   "Gender": "Male",
   "Age": 42,
   "Tenure": 8,
   "Balance": 0,
   "NumOfProducts": 2,
   "HasCrCard": 1,
   "IsActiveMember": 0,
   "EstimatedSalary": 180800.42,
   "Exited": 0
 },
 {
   "RowNumber": 154,
   "CustomerId": 15689044,
   "Surname": "Humphries",
   "CreditScore": 539,
   "Geography": "France",
   "Gender": "Male",
   "Age": 37,
   "Tenure": 2,
   "Balance": 127609.59,
   "NumOfProducts": 1,
   "HasCrCard": 1,
   "IsActiveMember": 0,
   "EstimatedSalary": 98646.22,
   "Exited": 0
 },
 {
   "RowNumber": 155,
   "CustomerId": 15709368,
   "Surname": "Milne",
   "CreditScore": 614,
   "Geography": "France",
   "Gender": "Female",
   "Age": 43,
   "Tenure": 6,
   "Balance": 0,
   "NumOfProducts": 2,
   "HasCrCard": 1,
   "IsActiveMember": 1,
   "EstimatedSalary": 109041.53,
   "Exited": 0
 },
 {
   "RowNumber": 156,
   "CustomerId": 15679145,
   "Surname": "Chou",
   "CreditScore": 706,
   "Geography": "Spain",
   "Gender": "Male",
   "Age": 57,
   "Tenure": 7,
   "Balance": 0,
   "NumOfProducts": 1,
   "HasCrCard": 1,
   "IsActiveMember": 0,
   "EstimatedSalary": 17941.16,
   "Exited": 1
 },
 {
   "RowNumber": 157,
   "CustomerId": 15655007,
   "Surname": "Li",
   "CreditScore": 758,
   "Geography": "France",
   "Gender": "Female",
   "Age": 33,
   "Tenure": 7,
   "Balance": 0,
   "NumOfProducts": 2,
   "HasCrCard": 0,
   "IsActiveMember": 0,
   "EstimatedSalary": 82996.47,
   "Exited": 0
 },
 {
   "RowNumber": 158,
   "CustomerId": 15623595,
   "Surname": "Clayton",
   "CreditScore": 586,
   "Geography": "Spain",
   "Gender": "Female",
   "Age": 28,
   "Tenure": 2,
   "Balance": 0,
   "NumOfProducts": 2,
   "HasCrCard": 1,
   "IsActiveMember": 1,
   "EstimatedSalary": 92067.35,
   "Exited": 0
 },
 {
   "RowNumber": 159,
   "CustomerId": 15589975,
   "Surname": "Maclean",
   "CreditScore": 646,
   "Geography": "France",
   "Gender": "Female",
   "Age": 73,
   "Tenure": 6,
   "Balance": 97259.25,
   "NumOfProducts": 1,
   "HasCrCard": 0,
   "IsActiveMember": 1,
   "EstimatedSalary": 104719.66,
   "Exited": 0
 },
 {
   "RowNumber": 160,
   "CustomerId": 15804017,
   "Surname": "Chigolum",
   "CreditScore": 631,
   "Geography": "Germany",
   "Gender": "Female",
   "Age": 33,
   "Tenure": 4,
   "Balance": 123246.7,
   "NumOfProducts": 1,
   "HasCrCard": 0,
   "IsActiveMember": 0,
   "EstimatedSalary": 112687.57,
   "Exited": 0
 },
 {
   "RowNumber": 161,
   "CustomerId": 15692132,
   "Surname": "Wilkinson",
   "CreditScore": 717,
   "Geography": "Spain",
   "Gender": "Female",
   "Age": 22,
   "Tenure": 6,
   "Balance": 101060.25,
   "NumOfProducts": 1,
   "HasCrCard": 0,
   "IsActiveMember": 1,
   "EstimatedSalary": 84699.56,
   "Exited": 0
 },
 {
   "RowNumber": 162,
   "CustomerId": 15641122,
   "Surname": "Wei",
   "CreditScore": 684,
   "Geography": "France",
   "Gender": "Male",
   "Age": 30,
   "Tenure": 2,
   "Balance": 0,
   "NumOfProducts": 2,
   "HasCrCard": 1,
   "IsActiveMember": 0,
   "EstimatedSalary": 83473.82,
   "Exited": 0
 },
 {
   "RowNumber": 163,
   "CustomerId": 15630910,
   "Surname": "Treacy",
   "CreditScore": 800,
   "Geography": "France",
   "Gender": "Female",
   "Age": 49,
   "Tenure": 7,
   "Balance": 108007.36,
   "NumOfProducts": 1,
   "HasCrCard": 0,
   "IsActiveMember": 0,
   "EstimatedSalary": 47125.11,
   "Exited": 0
 },
 {
   "RowNumber": 164,
   "CustomerId": 15680772,
   "Surname": "Hu",
   "CreditScore": 721,
   "Geography": "Spain",
   "Gender": "Female",
   "Age": 36,
   "Tenure": 2,
   "Balance": 0,
   "NumOfProducts": 2,
   "HasCrCard": 1,
   "IsActiveMember": 1,
   "EstimatedSalary": 106977.8,
   "Exited": 0
 },
 {
   "RowNumber": 165,
   "CustomerId": 15658929,
   "Surname": "Taverner",
   "CreditScore": 683,
   "Geography": "Spain",
   "Gender": "Male",
   "Age": 29,
   "Tenure": 0,
   "Balance": 133702.89,
   "NumOfProducts": 1,
   "HasCrCard": 1,
   "IsActiveMember": 0,
   "EstimatedSalary": 55582.54,
   "Exited": 1
 },
 {
   "RowNumber": 166,
   "CustomerId": 15585388,
   "Surname": "Sherman",
   "CreditScore": 660,
   "Geography": "Germany",
   "Gender": "Male",
   "Age": 31,
   "Tenure": 9,
   "Balance": 125189.75,
   "NumOfProducts": 2,
   "HasCrCard": 1,
   "IsActiveMember": 1,
   "EstimatedSalary": 139874.43,
   "Exited": 0
 },
 {
   "RowNumber": 167,
   "CustomerId": 15724623,
   "Surname": "Taubman",
   "CreditScore": 704,
   "Geography": "Germany",
   "Gender": "Female",
   "Age": 24,
   "Tenure": 7,
   "Balance": 113034.22,
   "NumOfProducts": 1,
   "HasCrCard": 1,
   "IsActiveMember": 0,
   "EstimatedSalary": 162503.48,
   "Exited": 1
 },
 {
   "RowNumber": 168,
   "CustomerId": 15588537,
   "Surname": "Robinson",
   "CreditScore": 615,
   "Geography": "Spain",
   "Gender": "Female",
   "Age": 41,
   "Tenure": 9,
   "Balance": 109013.23,
   "NumOfProducts": 1,
   "HasCrCard": 1,
   "IsActiveMember": 0,
   "EstimatedSalary": 196499.96,
   "Exited": 0
 },
 {
   "RowNumber": 169,
   "CustomerId": 15574692,
   "Surname": "Pinto",
   "CreditScore": 667,
   "Geography": "Spain",
   "Gender": "Female",
   "Age": 39,
   "Tenure": 2,
   "Balance": 0,
   "NumOfProducts": 2,
   "HasCrCard": 1,
   "IsActiveMember": 0,
   "EstimatedSalary": 40721.24,
   "Exited": 1
 },
 {
   "RowNumber": 170,
   "CustomerId": 15611325,
   "Surname": "Wood",
   "CreditScore": 682,
   "Geography": "Germany",
   "Gender": "Male",
   "Age": 24,
   "Tenure": 9,
   "Balance": 57929.81,
   "NumOfProducts": 2,
   "HasCrCard": 0,
   "IsActiveMember": 0,
   "EstimatedSalary": 53134.3,
   "Exited": 0
 },
 {
   "RowNumber": 171,
   "CustomerId": 15587562,
   "Surname": "Hawkins",
   "CreditScore": 484,
   "Geography": "France",
   "Gender": "Female",
   "Age": 29,
   "Tenure": 4,
   "Balance": 130114.39,
   "NumOfProducts": 1,
   "HasCrCard": 1,
   "IsActiveMember": 0,
   "EstimatedSalary": 164017.89,
   "Exited": 0
 },
 {
   "RowNumber": 172,
   "CustomerId": 15613172,
   "Surname": "Sun",
   "CreditScore": 628,
   "Geography": "Germany",
   "Gender": "Male",
   "Age": 27,
   "Tenure": 5,
   "Balance": 95826.49,
   "NumOfProducts": 2,
   "HasCrCard": 1,
   "IsActiveMember": 0,
   "EstimatedSalary": 155996.96,
   "Exited": 0
 },
 {
   "RowNumber": 173,
   "CustomerId": 15651022,
   "Surname": "Yost",
   "CreditScore": 480,
   "Geography": "Germany",
   "Gender": "Male",
   "Age": 44,
   "Tenure": 10,
   "Balance": 129608.57,
   "NumOfProducts": 1,
   "HasCrCard": 1,
   "IsActiveMember": 0,
   "EstimatedSalary": 5472.7,
   "Exited": 1
 },
 {
   "RowNumber": 174,
   "CustomerId": 15586310,
   "Surname": "Ting",
   "CreditScore": 578,
   "Geography": "France",
   "Gender": "Male",
   "Age": 30,
   "Tenure": 4,
   "Balance": 169462.09,
   "NumOfProducts": 1,
   "HasCrCard": 1,
   "IsActiveMember": 0,
   "EstimatedSalary": 112187.11,
   "Exited": 0
 },
 {
   "RowNumber": 175,
   "CustomerId": 15625524,
   "Surname": "Rowe",
   "CreditScore": 512,
   "Geography": "France",
   "Gender": "Male",
   "Age": 40,
   "Tenure": 5,
   "Balance": 0,
   "NumOfProducts": 2,
   "HasCrCard": 1,
   "IsActiveMember": 1,
   "EstimatedSalary": 146457.83,
   "Exited": 0
 },
 {
   "RowNumber": 176,
   "CustomerId": 15755209,
   "Surname": "Fu",
   "CreditScore": 484,
   "Geography": "Spain",
   "Gender": "Female",
   "Age": 35,
   "Tenure": 7,
   "Balance": 133868.21,
   "NumOfProducts": 1,
   "HasCrCard": 1,
   "IsActiveMember": 1,
   "EstimatedSalary": 27286.1,
   "Exited": 0
 },
 {
   "RowNumber": 177,
   "CustomerId": 15645248,
   "Surname": "Ho",
   "CreditScore": 510,
   "Geography": "France",
   "Gender": "Female",
   "Age": 30,
   "Tenure": 0,
   "Balance": 0,
   "NumOfProducts": 2,
   "HasCrCard": 1,
   "IsActiveMember": 1,
   "EstimatedSalary": 130553.47,
   "Exited": 0
 },
 {
   "RowNumber": 178,
   "CustomerId": 15790355,
   "Surname": "Okechukwu",
   "CreditScore": 606,
   "Geography": "Germany",
   "Gender": "Male",
   "Age": 36,
   "Tenure": 5,
   "Balance": 190479.48,
   "NumOfProducts": 2,
   "HasCrCard": 0,
   "IsActiveMember": 0,
   "EstimatedSalary": 179351.89,
   "Exited": 0
 },
 {
   "RowNumber": 179,
   "CustomerId": 15762615,
   "Surname": "Campbell",
   "CreditScore": 597,
   "Geography": "Spain",
   "Gender": "Female",
   "Age": 40,
   "Tenure": 8,
   "Balance": 101993.12,
   "NumOfProducts": 1,
   "HasCrCard": 0,
   "IsActiveMember": 1,
   "EstimatedSalary": 94774.12,
   "Exited": 0
 },
 {
   "RowNumber": 180,
   "CustomerId": 15625426,
   "Surname": "Ashbolt",
   "CreditScore": 754,
   "Geography": "Germany",
   "Gender": "Female",
   "Age": 55,
   "Tenure": 3,
   "Balance": 161608.81,
   "NumOfProducts": 1,
   "HasCrCard": 1,
   "IsActiveMember": 0,
   "EstimatedSalary": 8080.85,
   "Exited": 1
 },
 {
   "RowNumber": 181,
   "CustomerId": 15716334,
   "Surname": "Rozier",
   "CreditScore": 850,
   "Geography": "Spain",
   "Gender": "Female",
   "Age": 45,
   "Tenure": 2,
   "Balance": 122311.21,
   "NumOfProducts": 1,
   "HasCrCard": 1,
   "IsActiveMember": 1,
   "EstimatedSalary": 19482.5,
   "Exited": 0
 },
 {
   "RowNumber": 182,
   "CustomerId": 15789669,
   "Surname": "Hsia",
   "CreditScore": 510,
   "Geography": "France",
   "Gender": "Male",
   "Age": 65,
   "Tenure": 2,
   "Balance": 0,
   "NumOfProducts": 2,
   "HasCrCard": 1,
   "IsActiveMember": 1,
   "EstimatedSalary": 48071.61,
   "Exited": 0
 },
 {
   "RowNumber": 183,
   "CustomerId": 15621075,
   "Surname": "Ogbonnaya",
   "CreditScore": 778,
   "Geography": "Germany",
   "Gender": "Female",
   "Age": 45,
   "Tenure": 1,
   "Balance": 162150.42,
   "NumOfProducts": 2,
   "HasCrCard": 1,
   "IsActiveMember": 0,
   "EstimatedSalary": 174531.27,
   "Exited": 0
 },
 {
   "RowNumber": 184,
   "CustomerId": 15810845,
   "Surname": "T'ang",
   "CreditScore": 636,
   "Geography": "France",
   "Gender": "Male",
   "Age": 42,
   "Tenure": 2,
   "Balance": 0,
   "NumOfProducts": 2,
   "HasCrCard": 1,
   "IsActiveMember": 1,
   "EstimatedSalary": 55470.78,
   "Exited": 0
 },
 {
   "RowNumber": 185,
   "CustomerId": 15719377,
   "Surname": "Cocci",
   "CreditScore": 804,
   "Geography": "France",
   "Gender": "Female",
   "Age": 50,
   "Tenure": 4,
   "Balance": 0,
   "NumOfProducts": 1,
   "HasCrCard": 1,
   "IsActiveMember": 1,
   "EstimatedSalary": 8546.87,
   "Exited": 1
 },
 {
   "RowNumber": 186,
   "CustomerId": 15654506,
   "Surname": "Chang",
   "CreditScore": 514,
   "Geography": "France",
   "Gender": "Male",
   "Age": 32,
   "Tenure": 8,
   "Balance": 0,
   "NumOfProducts": 2,
   "HasCrCard": 1,
   "IsActiveMember": 0,
   "EstimatedSalary": 95857.18,
   "Exited": 0
 },
 {
   "RowNumber": 187,
   "CustomerId": 15771977,
   "Surname": "T'ao",
   "CreditScore": 730,
   "Geography": "France",
   "Gender": "Female",
   "Age": 39,
   "Tenure": 1,
   "Balance": 99010.67,
   "NumOfProducts": 1,
   "HasCrCard": 1,
   "IsActiveMember": 0,
   "EstimatedSalary": 194945.8,
   "Exited": 0
 },
 {
   "RowNumber": 188,
   "CustomerId": 15708710,
   "Surname": "Ford",
   "CreditScore": 525,
   "Geography": "Spain",
   "Gender": "Female",
   "Age": 37,
   "Tenure": 0,
   "Balance": 0,
   "NumOfProducts": 1,
   "HasCrCard": 0,
   "IsActiveMember": 1,
   "EstimatedSalary": 131521.72,
   "Exited": 0
 },
 {
   "RowNumber": 189,
   "CustomerId": 15726676,
   "Surname": "Marshall",
   "CreditScore": 616,
   "Geography": "Spain",
   "Gender": "Male",
   "Age": 30,
   "Tenure": 5,
   "Balance": 0,
   "NumOfProducts": 2,
   "HasCrCard": 0,
   "IsActiveMember": 1,
   "EstimatedSalary": 196108.51,
   "Exited": 0
 },
 {
   "RowNumber": 190,
   "CustomerId": 15587421,
   "Surname": "Tsai",
   "CreditScore": 687,
   "Geography": "Germany",
   "Gender": "Female",
   "Age": 34,
   "Tenure": 7,
   "Balance": 111388.18,
   "NumOfProducts": 2,
   "HasCrCard": 1,
   "IsActiveMember": 0,
   "EstimatedSalary": 148564.76,
   "Exited": 0
 },
 {
   "RowNumber": 191,
   "CustomerId": 15726931,
   "Surname": "Onwumelu",
   "CreditScore": 715,
   "Geography": "France",
   "Gender": "Female",
   "Age": 41,
   "Tenure": 8,
   "Balance": 56214.85,
   "NumOfProducts": 2,
   "HasCrCard": 0,
   "IsActiveMember": 0,
   "EstimatedSalary": 92982.61,
   "Exited": 1
 },
 {
   "RowNumber": 192,
   "CustomerId": 15771086,
   "Surname": "Graham",
   "CreditScore": 512,
   "Geography": "France",
   "Gender": "Female",
   "Age": 36,
   "Tenure": 3,
   "Balance": 84327.77,
   "NumOfProducts": 2,
   "HasCrCard": 1,
   "IsActiveMember": 0,
   "EstimatedSalary": 17675.36,
   "Exited": 0
 },
 {
   "RowNumber": 193,
   "CustomerId": 15756850,
   "Surname": "Golovanov",
   "CreditScore": 479,
   "Geography": "France",
   "Gender": "Male",
   "Age": 40,
   "Tenure": 1,
   "Balance": 0,
   "NumOfProducts": 2,
   "HasCrCard": 0,
   "IsActiveMember": 0,
   "EstimatedSalary": 114996.43,
   "Exited": 0
 },
 {
   "RowNumber": 194,
   "CustomerId": 15702741,
   "Surname": "Potts",
   "CreditScore": 601,
   "Geography": "France",
   "Gender": "Male",
   "Age": 32,
   "Tenure": 8,
   "Balance": 93012.89,
   "NumOfProducts": 1,
   "HasCrCard": 1,
   "IsActiveMember": 0,
   "EstimatedSalary": 86957.42,
   "Exited": 0
 },
 {
   "RowNumber": 195,
   "CustomerId": 15679200,
   "Surname": "Crawford",
   "CreditScore": 580,
   "Geography": "Spain",
   "Gender": "Male",
   "Age": 29,
   "Tenure": 9,
   "Balance": 61710.44,
   "NumOfProducts": 2,
   "HasCrCard": 1,
   "IsActiveMember": 0,
   "EstimatedSalary": 128077.8,
   "Exited": 0
 },
 {
   "RowNumber": 196,
   "CustomerId": 15594815,
   "Surname": "Aleshire",
   "CreditScore": 807,
   "Geography": "France",
   "Gender": "Male",
   "Age": 35,
   "Tenure": 3,
   "Balance": 174790.15,
   "NumOfProducts": 1,
   "HasCrCard": 1,
   "IsActiveMember": 1,
   "EstimatedSalary": 600.36,
   "Exited": 0
 },
 {
   "RowNumber": 197,
   "CustomerId": 15635905,
   "Surname": "Moran",
   "CreditScore": 616,
   "Geography": "Spain",
   "Gender": "Female",
   "Age": 32,
   "Tenure": 6,
   "Balance": 0,
   "NumOfProducts": 2,
   "HasCrCard": 1,
   "IsActiveMember": 1,
   "EstimatedSalary": 43001.46,
   "Exited": 0
 },
 {
   "RowNumber": 198,
   "CustomerId": 15777892,
   "Surname": "Samsonova",
   "CreditScore": 721,
   "Geography": "Germany",
   "Gender": "Male",
   "Age": 37,
   "Tenure": 3,
   "Balance": 107720.64,
   "NumOfProducts": 1,
   "HasCrCard": 1,
   "IsActiveMember": 1,
   "EstimatedSalary": 158591.12,
   "Exited": 0
 },
 {
   "RowNumber": 199,
   "CustomerId": 15656176,
   "Surname": "Jenkins",
   "CreditScore": 501,
   "Geography": "France",
   "Gender": "Male",
   "Age": 57,
   "Tenure": 10,
   "Balance": 0,
   "NumOfProducts": 2,
   "HasCrCard": 1,
   "IsActiveMember": 1,
   "EstimatedSalary": 47847.19,
   "Exited": 0
 },
 {
   "RowNumber": 200,
   "CustomerId": 15811127,
   "Surname": "Volkov",
   "CreditScore": 521,
   "Geography": "France",
   "Gender": "Male",
   "Age": 35,
   "Tenure": 6,
   "Balance": 96423.84,
   "NumOfProducts": 1,
   "HasCrCard": 1,
   "IsActiveMember": 0,
   "EstimatedSalary": 10488.44,
   "Exited": 0
 },
 {
   "RowNumber": 201,
   "CustomerId": 15604482,
   "Surname": "Chiemezie",
   "CreditScore": 850,
   "Geography": "Spain",
   "Gender": "Male",
   "Age": 30,
   "Tenure": 2,
   "Balance": 141040.01,
   "NumOfProducts": 1,
   "HasCrCard": 1,
   "IsActiveMember": 1,
   "EstimatedSalary": 5978.2,
   "Exited": 0
 },
 {
   "RowNumber": 202,
   "CustomerId": 15622911,
   "Surname": "Jude",
   "CreditScore": 759,
   "Geography": "France",
   "Gender": "Male",
   "Age": 42,
   "Tenure": 4,
   "Balance": 105420.18,
   "NumOfProducts": 1,
   "HasCrCard": 0,
   "IsActiveMember": 1,
   "EstimatedSalary": 121409.06,
   "Exited": 0
 }
]